"23/09/2014, 07:15:03:626";"Debug";"Begin execution pipeline: 6EBDDA04C3B14F74AFD5B4FB11A3FB2E; from type: OUTPUT process for non-direct files with NPrS V1.0;";"";"Technical";"6EBDDA04C3B14F74AFD5B4FB11A3FB2E";"7C4FEE382C6A47AAB640A3AF009864A8"
"23/09/2014, 07:15:03:645";"Info";">> Begin execution step: 8E96375BE9E24C41AB2CA3AF009863E3; with order: 0";"";"Technical";"6EBDDA04C3B14F74AFD5B4FB11A3FB2E";"5895D6414D00459DB00DA3AF009864B1"
"23/09/2014, 07:15:03:652";"Debug";"Command: 07CF998A91EF4E05B53141AD6E50DF89; Name: Perform a file backup";"";"Technical";"6EBDDA04C3B14F74AFD5B4FB11A3FB2E";"8D934A4067F24E388AEFA3AF009864B1"
"23/09/2014, 07:15:03:659";"Debug";"Registering parameters for step 8E96375BE9E24C41AB2CA3AF009863E3";"";"Technical";"6EBDDA04C3B14F74AFD5B4FB11A3FB2E";"F7DC67A0DCB141EFAA78A3AF009864B6"
"23/09/2014, 07:15:03:668";"Trace";"Set default parameter: pipeline_id; with value: 6EBDDA04C3B14F74AFD5B4FB11A3FB2E";"";"Technical";"6EBDDA04C3B14F74AFD5B4FB11A3FB2E";"6F1FC47676784821A1AAA3AF009864B6"
"23/09/2014, 07:15:03:670";"Trace";"Set default parameter: tid; with value: 999049";"";"Technical";"6EBDDA04C3B14F74AFD5B4FB11A3FB2E";"B5A1F6ED1EBF4F9E9F1EA3AF009864B6"
"23/09/2014, 07:15:03:677";"Trace";"Set default parameter: side; with value: Platform";"";"Technical";"6EBDDA04C3B14F74AFD5B4FB11A3FB2E";"60CA996835B44DCFB718A3AF009864BB"
"23/09/2014, 07:15:03:683";"Trace";"Set default parameter: file_id; with value: 94F9611BD2134B6487C750C9B6FE734C";"";"Technical";"6EBDDA04C3B14F74AFD5B4FB11A3FB2E";"ABC7ACD001A24306914BA3AF009864BB"
"23/09/2014, 07:15:03:694";"Trace";"Set default parameter: file_path; with value: \\STP026.strl.ehc.adp.com\webbyfiles\folders\NPRSin\{f8ebbb015e354332bc798074072df2e0}";"";"Technical";"6EBDDA04C3B14F74AFD5B4FB11A3FB2E";"BFC0720E08BC40DB80B8A3AF009864BF"
"23/09/2014, 07:15:03:703";"Trace";"Set default parameter: file_name; with value: P_SLP_730901_20140901_20140930_00_V2_0000_00000_FILE_NOE_730901_Hoya_Finalauswertungen_09_2014.zip";"";"Technical";"6EBDDA04C3B14F74AFD5B4FB11A3FB2E";"BC39FCBA60754B6096B3A3AF009864BF"
"23/09/2014, 07:15:03:713";"Trace";"Set default parameter: file_type_id; with value: SLP";"";"Technical";"6EBDDA04C3B14F74AFD5B4FB11A3FB2E";"567EF9765DD14AEC947BA3AF009864C4"
"23/09/2014, 07:15:03:722";"Trace";"Set default parameter: container_type_id; with value: FILE";"";"Technical";"6EBDDA04C3B14F74AFD5B4FB11A3FB2E";"62A7D46534304FB990C0A3AF009864C9"
"23/09/2014, 07:15:03:730";"Trace";"Set default parameter: transmission_mode; with value: 1";"";"Technical";"6EBDDA04C3B14F74AFD5B4FB11A3FB2E";"35209C23FFE84C61B71DA3AF009864C9"
"23/09/2014, 07:15:03:744";"Trace";"Resolving parameter: file_name; with value: P_SLP_730901_20140901_20140930_00_V2_0000_00000_FILE_NOE_730901_Hoya_Finalauswertungen_09_2014.zip;";"";"Technical";"6EBDDA04C3B14F74AFD5B4FB11A3FB2E";"723A5F92A11542689E42A3AF009864CD"
"23/09/2014, 07:15:03:755";"Trace";"Resolving parameter: file_path; with value: \\STP026.strl.ehc.adp.com\webbyfiles\folders\NPRSin\{f8ebbb015e354332bc798074072df2e0};";"";"Technical";"6EBDDA04C3B14F74AFD5B4FB11A3FB2E";"3289619BBCFE43599FE1A3AF009864D2"
"23/09/2014, 07:15:03:757";"Trace";"Resolving parameter: file_type_id; with value: SLP;";"";"Technical";"6EBDDA04C3B14F74AFD5B4FB11A3FB2E";"726B1304D8E04D14A2B9A3AF009864D2"
"23/09/2014, 07:15:03:781";"Trace";"Resolving parameter: backup_folder; with value: \\STP026\Workfolder\BackUp;";"";"Technical";"6EBDDA04C3B14F74AFD5B4FB11A3FB2E";"562ADD04B768448BA87AA3AF009864D7"
"23/09/2014, 07:15:03:783";"Trace";"Resolving parameter: file_name; with value: P_SLP_730901_20140901_20140930_00_V2_0000_00000_FILE_NOE_730901_Hoya_Finalauswertungen_09_2014.zip;";"";"Technical";"6EBDDA04C3B14F74AFD5B4FB11A3FB2E";"7DC5DF1FF7F74E73991FA3AF009864D7"
"23/09/2014, 07:15:03:798";"Debug";"Executed command Adp.Streamline.ProductionLine.Domain.Commands.CopyFileCommand from command Adp.Streamline.ProductionLine.Domain.Commands.BackupFileCommand with status True";"";"Technical";"6EBDDA04C3B14F74AFD5B4FB11A3FB2E";"231AB4F908AB4C56B8B6A3AF009864DB"
"23/09/2014, 07:15:03:809";"Trace";"Parameter: file_name; with value: P_SLP_730901_20140901_20140930_00_V2_0000_00000_FILE_NOE_730901_Hoya_Finalauswertungen_09_2014.zip; for: Adp.Streamline.ProductionLine.Domain.Commands.CopyFileCommand;";"";"Technical";"6EBDDA04C3B14F74AFD5B4FB11A3FB2E";"D77E2261689049BEAACBA3AF009864E0"
"23/09/2014, 07:15:03:821";"Trace";"Parameter: source_folder; with value: \\STP026.strl.ehc.adp.com\webbyfiles\folders\NPRSin\{f8ebbb015e354332bc798074072df2e0}; for: Adp.Streamline.ProductionLine.Domain.Commands.CopyFileCommand;";"";"Technical";"6EBDDA04C3B14F74AFD5B4FB11A3FB2E";"6C9FAFD8B0F14F3EA69AA3AF009864E5"
"23/09/2014, 07:15:03:833";"Trace";"Parameter: destination_folder; with value: \\STP026\Workfolder\BackUp\20140923; for: Adp.Streamline.ProductionLine.Domain.Commands.CopyFileCommand;";"";"Technical";"6EBDDA04C3B14F74AFD5B4FB11A3FB2E";"8B0AA2C31831477CBCB2A3AF009864E9"
"23/09/2014, 07:15:03:839";"Info";"End step 0 execution successfully";"";"Technical";"6EBDDA04C3B14F74AFD5B4FB11A3FB2E";"1AC5AD1693AC4CC499D0A3AF009864E9"
"23/09/2014, 07:15:03:855";"Info";">> Begin execution step: A65A8C9FAF444146A726A3AF009863E3; with order: 1";"";"Technical";"6EBDDA04C3B14F74AFD5B4FB11A3FB2E";"C7B1A0B9BF114FF79ABAA3AF009864EE"
"23/09/2014, 07:15:03:857";"Debug";"Command: 6698C812847C458496877E382FBC7D67; Name: Change file encoding";"";"Technical";"6EBDDA04C3B14F74AFD5B4FB11A3FB2E";"3C0D6C738A2043359706A3AF009864EE"
"23/09/2014, 07:15:03:859";"Debug";"Registering parameters for step A65A8C9FAF444146A726A3AF009863E3";"";"Technical";"6EBDDA04C3B14F74AFD5B4FB11A3FB2E";"B7BAB231D7EA497F9FC5A3AF009864EE"
"23/09/2014, 07:15:03:869";"Trace";"Set default parameter: pipeline_id; with value: 6EBDDA04C3B14F74AFD5B4FB11A3FB2E";"";"Technical";"6EBDDA04C3B14F74AFD5B4FB11A3FB2E";"0753DCE2A40C48529702A3AF009864F3"
"23/09/2014, 07:15:03:878";"Trace";"Set default parameter: tid; with value: 999049";"";"Technical";"6EBDDA04C3B14F74AFD5B4FB11A3FB2E";"9B37993835EF4D9AAE50A3AF009864F3"
"23/09/2014, 07:15:03:900";"Trace";"Set default parameter: side; with value: Platform";"";"Technical";"6EBDDA04C3B14F74AFD5B4FB11A3FB2E";"7D7F4EEE67A94D57B803A3AF009864FC"
"23/09/2014, 07:15:03:911";"Trace";"Set default parameter: file_id; with value: 94F9611BD2134B6487C750C9B6FE734C";"";"Technical";"6EBDDA04C3B14F74AFD5B4FB11A3FB2E";"2C6078D699AD41AEA248A3AF00986501"
"23/09/2014, 07:15:03:918";"Trace";"Set default parameter: file_path; with value: \\STP026.strl.ehc.adp.com\webbyfiles\folders\NPRSin\{f8ebbb015e354332bc798074072df2e0}";"";"Technical";"6EBDDA04C3B14F74AFD5B4FB11A3FB2E";"89ECEB48D315472B9250A3AF00986501"
"23/09/2014, 07:15:03:928";"Trace";"Set default parameter: file_name; with value: P_SLP_730901_20140901_20140930_00_V2_0000_00000_FILE_NOE_730901_Hoya_Finalauswertungen_09_2014.zip";"";"Technical";"6EBDDA04C3B14F74AFD5B4FB11A3FB2E";"428D29FE327741D8ADA5A3AF00986506"
"23/09/2014, 07:15:03:936";"Trace";"Set default parameter: file_type_id; with value: SLP";"";"Technical";"6EBDDA04C3B14F74AFD5B4FB11A3FB2E";"20FB873F888E448297C7A3AF00986506"
"23/09/2014, 07:15:03:945";"Trace";"Set default parameter: container_type_id; with value: FILE";"";"Technical";"6EBDDA04C3B14F74AFD5B4FB11A3FB2E";"F9292F39F9FA4879B206A3AF0098650A"
"23/09/2014, 07:15:03:947";"Trace";"Set default parameter: transmission_mode; with value: 1";"";"Technical";"6EBDDA04C3B14F74AFD5B4FB11A3FB2E";"FC58F4D86CA540F6B1AAA3AF0098650A"
"23/09/2014, 07:15:03:959";"Trace";"Resolving parameter: file_name; with value: P_SLP_730901_20140901_20140930_00_V2_0000_00000_FILE_NOE_730901_Hoya_Finalauswertungen_09_2014.zip;";"";"Technical";"6EBDDA04C3B14F74AFD5B4FB11A3FB2E";"056519FDE6274E9FBD17A3AF0098650F"
"23/09/2014, 07:15:03:968";"Trace";"Resolving parameter: file_path; with value: \\STP026.strl.ehc.adp.com\webbyfiles\folders\NPRSin\{f8ebbb015e354332bc798074072df2e0};";"";"Technical";"6EBDDA04C3B14F74AFD5B4FB11A3FB2E";"A81BF46C88AB46F098E5A3AF0098650F"
"23/09/2014, 07:15:03:974";"Trace";"Resolving parameter: file_type_id; with value: SLP;";"";"Technical";"6EBDDA04C3B14F74AFD5B4FB11A3FB2E";"BC373F4214D548E79F4EA3AF00986514"
"23/09/2014, 07:15:03:984";"Trace";"Resolving parameter: side; with value: Platform;";"";"Technical";"6EBDDA04C3B14F74AFD5B4FB11A3FB2E";"7D325013AF66469FA145A3AF00986514"
"23/09/2014, 07:15:04:008";"Trace";"Resolving parameter: transmission_mode; with value: 1;";"";"Technical";"6EBDDA04C3B14F74AFD5B4FB11A3FB2E";"1F2EB7327BD24121A10DA3AF0098651D"
"23/09/2014, 07:15:04:021";"Trace";"Resolving parameter: tid; with value: 999049;";"";"Technical";"6EBDDA04C3B14F74AFD5B4FB11A3FB2E";"A318CAAD4C7B4D6792F7A3AF00986522"
"23/09/2014, 07:15:04:041";"Trace";"Resolving parameter: file_type_id; with value: SLP;";"";"Technical";"6EBDDA04C3B14F74AFD5B4FB11A3FB2E";"09DE4E49E0C64219BBCEA3AF00986526"
"23/09/2014, 07:15:04:055";"Trace";"Resolving parameter: container_type_id; with value: FILE;";"";"Technical";"6EBDDA04C3B14F74AFD5B4FB11A3FB2E";"AF96DF6EA9B1439C88A7A3AF0098652B"
"23/09/2014, 07:15:04:119";"Debug";"Parameter: int_current_encoding; has no values for ContainerType: FILE; FileType: SLP; tid: 999049; TMode: P; Side: Platform";"";"Technical";"6EBDDA04C3B14F74AFD5B4FB11A3FB2E";"283FDEF9FBE04044A9B8A3AF0098653E"
"23/09/2014, 07:15:04:149";"Debug";"Parameter: int_current_encoding; has no value for tid: 999049; TMode: P; Side: Platform";"";"Technical";"6EBDDA04C3B14F74AFD5B4FB11A3FB2E";"F78581B1C6BA488C9D61A3AF00986547"
"23/09/2014, 07:15:04:205";"Debug";"Parameter: int_new_encoding; has no values for ContainerType: FILE; FileType: SLP; tid: 999049; TMode: P; Side: Platform";"";"Technical";"6EBDDA04C3B14F74AFD5B4FB11A3FB2E";"08E6A6303B87450CB2F6A3AF00986555"
"23/09/2014, 07:15:04:230";"Debug";"Parameter: int_new_encoding; has no value for tid: 999049; TMode: P; Side: Platform";"";"Technical";"6EBDDA04C3B14F74AFD5B4FB11A3FB2E";"9077D097C48644AB96C8A3AF0098655F"
"23/09/2014, 07:15:04:240";"Debug";"No file encoding will be applied";"";"Technical";"6EBDDA04C3B14F74AFD5B4FB11A3FB2E";"C907F8EB6D2D4635A28AA3AF00986563"
"23/09/2014, 07:15:04:242";"Info";"End step 1 execution successfully";"";"Technical";"6EBDDA04C3B14F74AFD5B4FB11A3FB2E";"BDEE2E64214743FFA41DA3AF00986563"
"23/09/2014, 07:15:04:262";"Info";">> Begin execution step: 265E64AB26F84DFBACCDA3AF009863E3; with order: 2";"";"Technical";"6EBDDA04C3B14F74AFD5B4FB11A3FB2E";"5E0ADC35D31D4ED2BBF5A3AF00986568"
"23/09/2014, 07:15:04:295";"Debug";"Command: 5387E9079B9C4ED4A4289F3A885F34D8; Name: Perform naming validation";"";"Technical";"6EBDDA04C3B14F74AFD5B4FB11A3FB2E";"B1F3E409503D4548863EA3AF00986571"
"23/09/2014, 07:15:04:301";"Debug";"Registering parameters for step 265E64AB26F84DFBACCDA3AF009863E3";"";"Technical";"6EBDDA04C3B14F74AFD5B4FB11A3FB2E";"8A98F21522CF44A1AAE5A3AF00986576"
"23/09/2014, 07:15:04:329";"Trace";"Set default parameter: pipeline_id; with value: 6EBDDA04C3B14F74AFD5B4FB11A3FB2E";"";"Technical";"6EBDDA04C3B14F74AFD5B4FB11A3FB2E";"E02E9B244FAC46ADB81FA3AF0098657B"
"23/09/2014, 07:15:04:342";"Trace";"Set default parameter: tid; with value: 999049";"";"Technical";"6EBDDA04C3B14F74AFD5B4FB11A3FB2E";"046E9DD6EFC5463C9055A3AF0098657F"
"23/09/2014, 07:15:04:360";"Trace";"Set default parameter: side; with value: Platform";"";"Technical";"6EBDDA04C3B14F74AFD5B4FB11A3FB2E";"4879142107744B4681AAA3AF00986584"
"23/09/2014, 07:15:04:372";"Trace";"Set default parameter: file_id; with value: 94F9611BD2134B6487C750C9B6FE734C";"";"Technical";"6EBDDA04C3B14F74AFD5B4FB11A3FB2E";"C4B7F7EF76FF4C11B25AA3AF00986589"
"23/09/2014, 07:15:04:384";"Trace";"Set default parameter: file_path; with value: \\STP026.strl.ehc.adp.com\webbyfiles\folders\NPRSin\{f8ebbb015e354332bc798074072df2e0}";"";"Technical";"6EBDDA04C3B14F74AFD5B4FB11A3FB2E";"C43D81F7D66843FA8CFEA3AF0098658D"
"23/09/2014, 07:15:04:409";"Trace";"Set default parameter: file_name; with value: P_SLP_730901_20140901_20140930_00_V2_0000_00000_FILE_NOE_730901_Hoya_Finalauswertungen_09_2014.zip";"";"Technical";"6EBDDA04C3B14F74AFD5B4FB11A3FB2E";"04D07F9292B84BA7B659A3AF00986592"
"23/09/2014, 07:15:04:423";"Trace";"Set default parameter: file_type_id; with value: SLP";"";"Technical";"6EBDDA04C3B14F74AFD5B4FB11A3FB2E";"A24A08A7C3F342078A87A3AF00986597"
"23/09/2014, 07:15:04:451";"Trace";"Set default parameter: container_type_id; with value: FILE";"";"Technical";"6EBDDA04C3B14F74AFD5B4FB11A3FB2E";"490FC2AF9EE94DD68FBCA3AF009865A0"
"23/09/2014, 07:15:04:461";"Trace";"Set default parameter: transmission_mode; with value: 1";"";"Technical";"6EBDDA04C3B14F74AFD5B4FB11A3FB2E";"202F805FD5114FDF937EA3AF009865A5"
"23/09/2014, 07:15:04:487";"Trace";"Resolving parameter: file_name; with value: P_SLP_730901_20140901_20140930_00_V2_0000_00000_FILE_NOE_730901_Hoya_Finalauswertungen_09_2014.zip;";"";"Technical";"6EBDDA04C3B14F74AFD5B4FB11A3FB2E";"C9E77FA797EF42C28863A3AF009865AA"
"23/09/2014, 07:15:04:499";"Trace";"Resolving parameter: file_path; with value: \\STP026.strl.ehc.adp.com\webbyfiles\folders\NPRSin\{f8ebbb015e354332bc798074072df2e0};";"";"Technical";"6EBDDA04C3B14F74AFD5B4FB11A3FB2E";"FD54A195510941D4A8D7A3AF009865AE"
"23/09/2014, 07:15:04:514";"Trace";"Resolving parameter: file_type_id; with value: SLP;";"";"Technical";"6EBDDA04C3B14F74AFD5B4FB11A3FB2E";"FDD11EEC66B444D9A75FA3AF009865B3"
"23/09/2014, 07:15:04:523";"Trace";"Resolving parameter: side; with value: Platform;";"";"Technical";"6EBDDA04C3B14F74AFD5B4FB11A3FB2E";"B49354B9F4A24D9A8E6FA3AF009865B8"
"23/09/2014, 07:15:04:525";"Trace";"Resolving parameter: tid; with value: 999049;";"";"Technical";"6EBDDA04C3B14F74AFD5B4FB11A3FB2E";"78FB9B6B43A34592B886A3AF009865B8"
"23/09/2014, 07:15:04:534";"Trace";"Resolving parameter: file_name; with value: P_SLP_730901_20140901_20140930_00_V2_0000_00000_FILE_NOE_730901_Hoya_Finalauswertungen_09_2014.zip;";"";"Technical";"6EBDDA04C3B14F74AFD5B4FB11A3FB2E";"8B9E61168B9D4213B28FA3AF009865BC"
"23/09/2014, 07:15:04:598";"Trace";"Set execution parameter: lid; Value: 730901";"";"Technical";"6EBDDA04C3B14F74AFD5B4FB11A3FB2E";"5963FA2F96AB49C7A234A3AF009865CF"
"23/09/2014, 07:15:04:626";"Trace";"Set execution parameter: cuid; Value: 005716";"";"Technical";"6EBDDA04C3B14F74AFD5B4FB11A3FB2E";"DF983A5F42B647458F23A3AF009865D4"
"23/09/2014, 07:15:04:653";"Trace";"Set execution parameter: cid; Value: 010329";"";"Technical";"6EBDDA04C3B14F74AFD5B4FB11A3FB2E";"EEC5096B69A24799B0EFA3AF009865DD"
"23/09/2014, 07:15:04:671";"Trace";"Set execution parameter: pid; Value: 999049";"";"Technical";"6EBDDA04C3B14F74AFD5B4FB11A3FB2E";"D2B7973F6C3D4E809169A3AF009865E2"
"23/09/2014, 07:15:04:696";"Trace";"Set execution parameter: att_status; Value: 10";"";"Technical";"6EBDDA04C3B14F74AFD5B4FB11A3FB2E";"A0752BDAA04B49CB9D34A3AF009865EB"
"23/09/2014, 07:15:04:718";"Trace";"Set execution parameter: local_file_name; Value: 730901_Hoya_Finalauswertungen_09_2014";"";"Technical";"6EBDDA04C3B14F74AFD5B4FB11A3FB2E";"63A2ACDD8F254FD9B1FEA3AF009865F0"
"23/09/2014, 07:15:04:749";"Trace";"Set execution parameter: file_type_id; Value: SLP";"";"Technical";"6EBDDA04C3B14F74AFD5B4FB11A3FB2E";"625BBDF140F84FF890D7A3AF009865F9"
"23/09/2014, 07:15:04:779";"Trace";"Set execution parameter: file_sequence; Value: 00";"";"Technical";"6EBDDA04C3B14F74AFD5B4FB11A3FB2E";"458EBA526FBE4069810FA3AF00986603"
"23/09/2014, 07:15:04:804";"Trace";"Set execution parameter: period; Value: 201409";"";"Technical";"6EBDDA04C3B14F74AFD5B4FB11A3FB2E";"4D06390AA12B4D94AA81A3AF0098660C"
"23/09/2014, 07:15:04:828";"Trace";"Set execution parameter: file_status; Value: 4";"";"Technical";"6EBDDA04C3B14F74AFD5B4FB11A3FB2E";"E76C0FDF7490492596F3A3AF00986611"
"23/09/2014, 07:15:04:844";"Trace";"Resolving parameter: side; with value: Platform;";"";"Technical";"6EBDDA04C3B14F74AFD5B4FB11A3FB2E";"9BC2196049A54752ABC2A3AF00986615"
"23/09/2014, 07:15:04:854";"Debug";"Calling send alert for generator Adp.Streamline.ProductionLine.Domain.NamingConventionCommandEvent for 0 event(s) and 0 parameter(s)";"";"Technical";"6EBDDA04C3B14F74AFD5B4FB11A3FB2E";"A88B6461D64B45C19DF4A3AF0098661A"
"23/09/2014, 07:15:04:863";"Info";"End step 2 execution successfully";"";"Technical";"6EBDDA04C3B14F74AFD5B4FB11A3FB2E";"C1CB231B626C469AAD09A3AF0098661F"
"23/09/2014, 07:15:04:876";"Info";">> Begin execution step: 815DCE02CD594376AE25A3AF009863E3; with order: 3";"";"Technical";"6EBDDA04C3B14F74AFD5B4FB11A3FB2E";"CBA8EFD861074028A248A3AF0098661F"
"23/09/2014, 07:15:04:878";"Debug";"Command: 3FC7BDFD889C444890E9A4EA60FF5906; Name: Check that the extension is consistent with the file type. (legacy)";"";"Technical";"6EBDDA04C3B14F74AFD5B4FB11A3FB2E";"49BFB3DE2847402DA095A3AF00986623"
"23/09/2014, 07:15:04:893";"Debug";"Registering parameters for step 815DCE02CD594376AE25A3AF009863E3";"";"Technical";"6EBDDA04C3B14F74AFD5B4FB11A3FB2E";"9727B5A102FF48759FE1A3AF00986623"
"23/09/2014, 07:15:04:913";"Trace";"Set default parameter: pipeline_id; with value: 6EBDDA04C3B14F74AFD5B4FB11A3FB2E";"";"Technical";"6EBDDA04C3B14F74AFD5B4FB11A3FB2E";"AF06FF4E6B264214BBA5A3AF0098662D"
"23/09/2014, 07:15:04:916";"Trace";"Set default parameter: tid; with value: 999049";"";"Technical";"6EBDDA04C3B14F74AFD5B4FB11A3FB2E";"32BF70C0B15041FFA3EBA3AF0098662D"
"23/09/2014, 07:15:04:927";"Trace";"Set default parameter: side; with value: Platform";"";"Technical";"6EBDDA04C3B14F74AFD5B4FB11A3FB2E";"FFDAFC258EBE493889E2A3AF00986632"
"23/09/2014, 07:15:04:937";"Trace";"Set default parameter: file_id; with value: 94F9611BD2134B6487C750C9B6FE734C";"";"Technical";"6EBDDA04C3B14F74AFD5B4FB11A3FB2E";"E118E34696024B81BA84A3AF00986632"
"23/09/2014, 07:15:04:946";"Trace";"Set default parameter: file_path; with value: \\STP026.strl.ehc.adp.com\webbyfiles\folders\NPRSin\{f8ebbb015e354332bc798074072df2e0}";"";"Technical";"6EBDDA04C3B14F74AFD5B4FB11A3FB2E";"5B41D55660A846AB85E2A3AF00986636"
"23/09/2014, 07:15:04:948";"Trace";"Set default parameter: file_name; with value: P_SLP_730901_20140901_20140930_00_V2_0000_00000_FILE_NOE_730901_Hoya_Finalauswertungen_09_2014.zip";"";"Technical";"6EBDDA04C3B14F74AFD5B4FB11A3FB2E";"0B83002B8C274C4EAA41A3AF00986636"
"23/09/2014, 07:15:04:955";"Trace";"Set default parameter: file_type_id; with value: SLP";"";"Technical";"6EBDDA04C3B14F74AFD5B4FB11A3FB2E";"BE44A90FEE6C4BE88DE7A3AF00986636"
"23/09/2014, 07:15:04:966";"Trace";"Set default parameter: container_type_id; with value: FILE";"";"Technical";"6EBDDA04C3B14F74AFD5B4FB11A3FB2E";"E6067065708F4D3FA84BA3AF0098663B"
"23/09/2014, 07:15:04:982";"Trace";"Set default parameter: transmission_mode; with value: 1";"";"Technical";"6EBDDA04C3B14F74AFD5B4FB11A3FB2E";"3D0903BE56DD4F29B11BA3AF00986640"
"23/09/2014, 07:15:05:000";"Trace";"Resolving parameter: file_name; with value: P_SLP_730901_20140901_20140930_00_V2_0000_00000_FILE_NOE_730901_Hoya_Finalauswertungen_09_2014.zip;";"";"Technical";"6EBDDA04C3B14F74AFD5B4FB11A3FB2E";"48E912D1A9494054BFDFA3AF00986644"
"23/09/2014, 07:15:05:013";"Trace";"Resolving parameter: file_path; with value: \\STP026.strl.ehc.adp.com\webbyfiles\folders\NPRSin\{f8ebbb015e354332bc798074072df2e0};";"";"Technical";"6EBDDA04C3B14F74AFD5B4FB11A3FB2E";"CCE1681029C444308033A3AF00986649"
"23/09/2014, 07:15:05:024";"Trace";"Resolving parameter: file_type_id; with value: SLP;";"";"Technical";"6EBDDA04C3B14F74AFD5B4FB11A3FB2E";"66B0DBABED7145688BDDA3AF0098664E"
"23/09/2014, 07:15:05:069";"Trace";"Set execution parameter: stop_on_manage_errors; Value: 1";"";"Technical";"6EBDDA04C3B14F74AFD5B4FB11A3FB2E";"86679359F2184DB68DD3A3AF0098665C"
"23/09/2014, 07:15:05:093";"Trace";"Set execution parameter: file_status; Value: 5";"";"Technical";"6EBDDA04C3B14F74AFD5B4FB11A3FB2E";"897AA730CC894CA4BD0FA3AF00986660"
"23/09/2014, 07:15:05:113";"Trace";"Set execution parameter: att_status; Value: 60";"";"Technical";"6EBDDA04C3B14F74AFD5B4FB11A3FB2E";"3D8B8DDAB475468CAD07A3AF0098666A"
"23/09/2014, 07:15:05:137";"Trace";"Set execution parameter: naming_convention_error; Value: 1";"";"Technical";"6EBDDA04C3B14F74AFD5B4FB11A3FB2E";"26256013F77246198E16A3AF0098666E"
"23/09/2014, 07:15:05:181";"Trace";"Set execution parameter: file_type_consistency_error; Value: 1";"";"Technical";"6EBDDA04C3B14F74AFD5B4FB11A3FB2E";"A12948337BC745C2BFB7A3AF0098667D"
"23/09/2014, 07:15:05:195";"Trace";"Get execution parameter: file_type_consistency_error; Value: 1";"";"Technical";"6EBDDA04C3B14F74AFD5B4FB11A3FB2E";"7AF11D2510694B378D3FA3AF00986681"
"23/09/2014, 07:15:05:211";"Trace";"Resolving execution parameter: file_type_consistency_error; with value: 1;";"";"Technical";"6EBDDA04C3B14F74AFD5B4FB11A3FB2E";"B438B853FDB4451D8200A3AF00986686"
"23/09/2014, 07:15:05:234";"Trace";"Resolving parameter: tid; with value: 999049;";"";"Technical";"6EBDDA04C3B14F74AFD5B4FB11A3FB2E";"C3B9BB82AD1A4DA6B77CA3AF0098668B"
"23/09/2014, 07:15:05:254";"Debug";"Calling send alert for generator Adp.Streamline.ProductionLine.Domain.FileTypeConsistencyCommandEvent for 1 event(s) and 0 parameter(s)";"";"Technical";"6EBDDA04C3B14F74AFD5B4FB11A3FB2E";"6B1541C372474F0C922FA3AF00986694"
"23/09/2014, 07:15:05:267";"Debug";"Send alert for event 513 side Platform TID 999049";"";"Technical";"6EBDDA04C3B14F74AFD5B4FB11A3FB2E";"58227A7FB688460CA98AA3AF00986694"
"23/09/2014, 07:15:05:288";"Info";"Alert parameter with ID UHRA_PID added for file 94F9611BD2134B6487C750C9B6FE734C.";"";"Technical";"6EBDDA04C3B14F74AFD5B4FB11A3FB2E";"1B2C8B0289D540BBAD54A3AF0098669D"
"23/09/2014, 07:15:05:300";"Info";"Alert parameter with ID UHRA_LOCALFILENAME added for file 94F9611BD2134B6487C750C9B6FE734C.";"";"Technical";"6EBDDA04C3B14F74AFD5B4FB11A3FB2E";"7A2BB1C149DC4D96AB1FA3AF009866A2"
"23/09/2014, 07:15:05:327";"Info";"End step 3 execution successfully";"";"Technical";"6EBDDA04C3B14F74AFD5B4FB11A3FB2E";"F9D9057F781C4937BCEAA3AF009866A7"
"23/09/2014, 07:15:05:347";"Info";">> Begin execution step: 56E47C1AB85D4C0C823FA3AF009863E3; with order: 4";"";"Technical";"6EBDDA04C3B14F74AFD5B4FB11A3FB2E";"B5F8BA4709834323A835A3AF009866B0"
"23/09/2014, 07:15:05:356";"Debug";"Command: 2A0761008F254C19AF4D1B20627A10C6; Name: Manage file";"";"Technical";"6EBDDA04C3B14F74AFD5B4FB11A3FB2E";"20A6027E9DF04FA38B5CA3AF009866B0"
"23/09/2014, 07:15:05:366";"Debug";"Registering parameters for step 56E47C1AB85D4C0C823FA3AF009863E3";"";"Technical";"6EBDDA04C3B14F74AFD5B4FB11A3FB2E";"418754DD91D943148961A3AF009866B5"
"23/09/2014, 07:15:05:375";"Trace";"Set default parameter: pipeline_id; with value: 6EBDDA04C3B14F74AFD5B4FB11A3FB2E";"";"Technical";"6EBDDA04C3B14F74AFD5B4FB11A3FB2E";"99BF16FDDD3342AAA15BA3AF009866B5"
"23/09/2014, 07:15:05:384";"Trace";"Set default parameter: tid; with value: 999049";"";"Technical";"6EBDDA04C3B14F74AFD5B4FB11A3FB2E";"AF344DD162D94FE1A6FFA3AF009866B9"
"23/09/2014, 07:15:05:392";"Trace";"Set default parameter: side; with value: Platform";"";"Technical";"6EBDDA04C3B14F74AFD5B4FB11A3FB2E";"886A2D8379544847A811A3AF009866B9"
"23/09/2014, 07:15:05:402";"Trace";"Set default parameter: file_id; with value: 94F9611BD2134B6487C750C9B6FE734C";"";"Technical";"6EBDDA04C3B14F74AFD5B4FB11A3FB2E";"2A45E0E4319C4198BB9BA3AF009866BE"
"23/09/2014, 07:15:05:404";"Trace";"Set default parameter: file_path; with value: \\STP026.strl.ehc.adp.com\webbyfiles\folders\NPRSin\{f8ebbb015e354332bc798074072df2e0}";"";"Technical";"6EBDDA04C3B14F74AFD5B4FB11A3FB2E";"55D6D2372A2D4DA9A641A3AF009866BE"
"23/09/2014, 07:15:05:415";"Trace";"Set default parameter: file_name; with value: P_SLP_730901_20140901_20140930_00_V2_0000_00000_FILE_NOE_730901_Hoya_Finalauswertungen_09_2014.zip";"";"Technical";"6EBDDA04C3B14F74AFD5B4FB11A3FB2E";"9EA7B0FF7C54494EA988A3AF009866C3"
"23/09/2014, 07:15:05:421";"Trace";"Set default parameter: file_type_id; with value: SLP";"";"Technical";"6EBDDA04C3B14F74AFD5B4FB11A3FB2E";"65351ACA2787456FA1D7A3AF009866C3"
"23/09/2014, 07:15:05:429";"Trace";"Set default parameter: container_type_id; with value: FILE";"";"Technical";"6EBDDA04C3B14F74AFD5B4FB11A3FB2E";"1DC327FBFEA24F10B30FA3AF009866C8"
"23/09/2014, 07:15:05:439";"Trace";"Set default parameter: transmission_mode; with value: 1";"";"Technical";"6EBDDA04C3B14F74AFD5B4FB11A3FB2E";"A9167A1FA8BD486FBD8DA3AF009866C8"
"23/09/2014, 07:15:05:457";"Trace";"Resolving parameter: file_name; with value: P_SLP_730901_20140901_20140930_00_V2_0000_00000_FILE_NOE_730901_Hoya_Finalauswertungen_09_2014.zip;";"";"Technical";"6EBDDA04C3B14F74AFD5B4FB11A3FB2E";"4085D93FCC7A4E0BAD07A3AF009866D1"
"23/09/2014, 07:15:05:463";"Trace";"Resolving parameter: file_path; with value: \\STP026.strl.ehc.adp.com\webbyfiles\folders\NPRSin\{f8ebbb015e354332bc798074072df2e0};";"";"Technical";"6EBDDA04C3B14F74AFD5B4FB11A3FB2E";"E932E232866F42B29818A3AF009866D1"
"23/09/2014, 07:15:05:473";"Trace";"Resolving parameter: file_type_id; with value: SLP;";"";"Technical";"6EBDDA04C3B14F74AFD5B4FB11A3FB2E";"D712C856A5604679A311A3AF009866D6"
"23/09/2014, 07:15:05:493";"Trace";"Get execution parameter: file_status; Value: 5";"";"Technical";"6EBDDA04C3B14F74AFD5B4FB11A3FB2E";"2564995AB31D45F99E81A3AF009866DA"
"23/09/2014, 07:15:05:505";"Trace";"Get execution parameter: file_status; Value: 5";"";"Technical";"6EBDDA04C3B14F74AFD5B4FB11A3FB2E";"CC964810A03444EF8E77A3AF009866DF"
"23/09/2014, 07:15:05:516";"Trace";"Resolving execution parameter: file_status; with value: 5;";"";"Technical";"6EBDDA04C3B14F74AFD5B4FB11A3FB2E";"C236A431C3E14920A8F4A3AF009866DF"
"23/09/2014, 07:15:05:532";"Trace";"Resolving parameter: standard_io_folder; with value: \\STP026\Webbyfiles\folders;";"";"Technical";"6EBDDA04C3B14F74AFD5B4FB11A3FB2E";"889FA0218563409F8FC5A3AF009866E4"
"23/09/2014, 07:15:05:547";"Trace";"Resolving parameter: file_name; with value: P_SLP_730901_20140901_20140930_00_V2_0000_00000_FILE_NOE_730901_Hoya_Finalauswertungen_09_2014.zip;";"";"Technical";"6EBDDA04C3B14F74AFD5B4FB11A3FB2E";"1B531CBD4DF4471E9D02A3AF009866E8"
"23/09/2014, 07:15:05:573";"Info";"File 'P_SLP_730901_20140901_20140930_00_V2_0000_00000_FILE_NOE_730901_Hoya_Finalauswertungen_09_2014.zip' with sourcefolder '\\STP026.strl.ehc.adp.com\webbyfiles\folders\NPRSin\{f8ebbb015e354332bc798074072df2e0}' was succesfully moved to '\\STP026\Webbyfiles\folders\999049\output\rejected\20140923\P_SLP_730901_20140901_20140930_00_V2_0000_00000_FILE_NOE_730901_Hoya_Finalauswertungen_09_2014.zip'";"";"Technical";"6EBDDA04C3B14F74AFD5B4FB11A3FB2E";"51B3C2AFEDFD472CBA93A3AF009866F2"
"23/09/2014, 07:15:05:595";"Debug";"File path updated. Old path: \\STP026\Webbyfiles\folders\999049\output\rejected\20140923\P_SLP_730901_20140901_20140930_00_V2_0000_00000_FILE_NOE_730901_Hoya_Finalauswertungen_09_2014.zip; New path: \\STP026\Webbyfiles\folders\999049\output\rejected\20140923";"";"Technical";"6EBDDA04C3B14F74AFD5B4FB11A3FB2E";"1DAA3FD8F4024BC2BBE7A3AF009866F6"
"23/09/2014, 07:15:05:630";"Trace";"Set execution parameter: file_name; Value: P_SLP_730901_20140901_20140930_00_V2_0000_00000_FILE_NOE_730901_Hoya_Finalauswertungen_09_2014.zip";"";"Technical";"6EBDDA04C3B14F74AFD5B4FB11A3FB2E";"0E61DB9394FB45CCA248A3AF00986704"
"23/09/2014, 07:15:05:663";"Trace";"Set execution parameter: receive_file_path; Value: \\STP026.strl.ehc.adp.com\webbyfiles\folders\NPRSin\{f8ebbb015e354332bc798074072df2e0}";"";"Technical";"6EBDDA04C3B14F74AFD5B4FB11A3FB2E";"296A76C6975D42BEA18DA3AF0098670E"
"23/09/2014, 07:15:05:693";"Trace";"Set execution parameter: file_path; Value: \\STP026\Webbyfiles\folders\999049\output\rejected\20140923";"";"Technical";"6EBDDA04C3B14F74AFD5B4FB11A3FB2E";"DF91B5E382FE440698C9A3AF00986717"
"23/09/2014, 07:15:05:720";"Trace";"Set execution parameter: input_file_info_file_path; Value: \\STP026\Webbyfiles\folders\999049\output\rejected\20140923";"";"Technical";"6EBDDA04C3B14F74AFD5B4FB11A3FB2E";"E4B834BC5A524D508BA5A3AF0098671C"
"23/09/2014, 07:15:05:752";"Trace";"Set execution parameter: input_file_info_receive_folder; Value: \\STP026.strl.ehc.adp.com\webbyfiles\folders\NPRSin\{f8ebbb015e354332bc798074072df2e0}";"";"Technical";"6EBDDA04C3B14F74AFD5B4FB11A3FB2E";"3E3A36917E2F40AC9CF9A3AF00986725"
"23/09/2014, 07:15:05:762";"Info";"End step 4 execution successfully";"";"Technical";"6EBDDA04C3B14F74AFD5B4FB11A3FB2E";"EA86C13A02AA4F178CD0A3AF0098672A"
"23/09/2014, 07:15:05:778";"Info";">> Begin execution step: 16A214111204401DAC1AA3AF009863E3; with order: 5";"";"Technical";"6EBDDA04C3B14F74AFD5B4FB11A3FB2E";"0B5D1D38A7EA45668C5AA3AF0098672F"
"23/09/2014, 07:15:05:793";"Debug";"Command: 63FEFF278E954104ADA0BCD56DA831D0; Name: Log data in legacy ShuttleFileEvents table";"";"Technical";"6EBDDA04C3B14F74AFD5B4FB11A3FB2E";"4B8AE0CB6E3E4B5A9E3FA3AF00986733"
"23/09/2014, 07:15:05:805";"Debug";"Registering parameters for step 16A214111204401DAC1AA3AF009863E3";"";"Technical";"6EBDDA04C3B14F74AFD5B4FB11A3FB2E";"D006FA0DDEA3445FA0F4A3AF00986738"
"23/09/2014, 07:15:05:831";"Trace";"Set default parameter: pipeline_id; with value: 6EBDDA04C3B14F74AFD5B4FB11A3FB2E";"";"Technical";"6EBDDA04C3B14F74AFD5B4FB11A3FB2E";"0FE10430FB7F44DA848DA3AF00986741"
"23/09/2014, 07:15:05:854";"Trace";"Set default parameter: tid; with value: 999049";"";"Technical";"6EBDDA04C3B14F74AFD5B4FB11A3FB2E";"1C22FAA34CEE433F856CA3AF00986746"
"23/09/2014, 07:15:05:862";"Trace";"Set default parameter: side; with value: Platform";"";"Technical";"6EBDDA04C3B14F74AFD5B4FB11A3FB2E";"ADA6BE56CF27451EA65AA3AF0098674B"
"23/09/2014, 07:15:05:872";"Trace";"Set default parameter: file_id; with value: 94F9611BD2134B6487C750C9B6FE734C";"";"Technical";"6EBDDA04C3B14F74AFD5B4FB11A3FB2E";"DEA24F6540EA4463BF34A3AF0098674B"
"23/09/2014, 07:15:05:881";"Trace";"Set default parameter: file_path; with value: \\STP026\Webbyfiles\folders\999049\output\rejected\20140923";"";"Technical";"6EBDDA04C3B14F74AFD5B4FB11A3FB2E";"EA2105D486BD43AD9CFCA3AF0098674F"
"23/09/2014, 07:15:05:890";"Trace";"Set default parameter: file_name; with value: P_SLP_730901_20140901_20140930_00_V2_0000_00000_FILE_NOE_730901_Hoya_Finalauswertungen_09_2014.zip";"";"Technical";"6EBDDA04C3B14F74AFD5B4FB11A3FB2E";"DAA4338D8E4145BD98A1A3AF0098674F"
"23/09/2014, 07:15:05:892";"Trace";"Set default parameter: file_type_id; with value: SLP";"";"Technical";"6EBDDA04C3B14F74AFD5B4FB11A3FB2E";"1B79ADFF9AE640529FB7A3AF0098674F"
"23/09/2014, 07:15:05:909";"Trace";"Set default parameter: container_type_id; with value: FILE";"";"Technical";"6EBDDA04C3B14F74AFD5B4FB11A3FB2E";"7FC8EF967E8843E28EE3A3AF00986759"
"23/09/2014, 07:15:05:916";"Trace";"Set default parameter: transmission_mode; with value: 1";"";"Technical";"6EBDDA04C3B14F74AFD5B4FB11A3FB2E";"577F68FACCA346F2A888A3AF00986759"
"23/09/2014, 07:15:05:939";"Trace";"Overriding parameter: file_path; with value: \\STP026\Webbyfiles\folders\999049\output\rejected\20140923";"";"Technical";"6EBDDA04C3B14F74AFD5B4FB11A3FB2E";"9ABD6F0E1417438EAACAA3AF0098675E"
"23/09/2014, 07:15:05:956";"Trace";"Set parameter: requested_date; with value: 9/23/2014 9:15:05 AM";"";"Technical";"6EBDDA04C3B14F74AFD5B4FB11A3FB2E";"DAC4BFE9B7D54399B001A3AF00986767"
"23/09/2014, 07:15:05:965";"Trace";"Set parameter: att_status; with value: 60";"";"Technical";"6EBDDA04C3B14F74AFD5B4FB11A3FB2E";"7CF856B3B30046618B60A3AF00986767"
"23/09/2014, 07:15:05:978";"Trace";"Set parameter: file_visibility; with value: 0";"";"Technical";"6EBDDA04C3B14F74AFD5B4FB11A3FB2E";"FC236BD4FFF84435BDC9A3AF0098676C"
"23/09/2014, 07:15:05:997";"Trace";"Set parameter: file_sequence; with value: 00";"";"Technical";"6EBDDA04C3B14F74AFD5B4FB11A3FB2E";"44033DABFDAC4A15A2BBA3AF00986770"
"23/09/2014, 07:15:06:008";"Trace";"Set parameter: flow_dir; with value: O";"";"Technical";"6EBDDA04C3B14F74AFD5B4FB11A3FB2E";"3B59C128B025438C8B42A3AF00986775"
"23/09/2014, 07:15:06:022";"Trace";"Set parameter: pid; with value: 999049";"";"Technical";"6EBDDA04C3B14F74AFD5B4FB11A3FB2E";"5F314D8E09424E2681ECA3AF0098677A"
"23/09/2014, 07:15:06:036";"Trace";"Set parameter: lid; with value: 730901";"";"Technical";"6EBDDA04C3B14F74AFD5B4FB11A3FB2E";"278994DEFCEC459BBA2EA3AF0098677E"
"23/09/2014, 07:15:06:046";"Trace";"Set parameter: inserted_user_id; with value: SHUTTLE";"";"Technical";"6EBDDA04C3B14F74AFD5B4FB11A3FB2E";"09617D66DA424AB59CEDA3AF0098677E"
"23/09/2014, 07:15:06:055";"Trace";"Set parameter: period; with value: 201409";"";"Technical";"6EBDDA04C3B14F74AFD5B4FB11A3FB2E";"F2DEEC42567447FBBD25A3AF00986783"
"23/09/2014, 07:15:06:069";"Trace";"Set parameter: inserted_date; with value: 9/23/2014 9:15:06 AM";"";"Technical";"6EBDDA04C3B14F74AFD5B4FB11A3FB2E";"E3F1444767064597B1E6A3AF00986788"
"23/09/2014, 07:15:06:078";"Trace";"Set parameter: local_file_name; with value: 730901_Hoya_Finalauswertungen_09_2014";"";"Technical";"6EBDDA04C3B14F74AFD5B4FB11A3FB2E";"78C0151D4AAA4982A6A8A3AF00986788"
"23/09/2014, 07:15:06:092";"Trace";"Set parameter: file_type; with value: ";"";"Technical";"6EBDDA04C3B14F74AFD5B4FB11A3FB2E";"DEC0FA6B60144F8C8930A3AF0098678C"
"23/09/2014, 07:15:06:121";"Trace";"Resolving parameter: file_name; with value: P_SLP_730901_20140901_20140930_00_V2_0000_00000_FILE_NOE_730901_Hoya_Finalauswertungen_09_2014.zip;";"";"Technical";"6EBDDA04C3B14F74AFD5B4FB11A3FB2E";"1F85D61FA39244FA90D9A3AF00986796"
"23/09/2014, 07:15:06:131";"Trace";"Resolving parameter: file_path; with value: \\STP026\Webbyfiles\folders\999049\output\rejected\20140923;";"";"Technical";"6EBDDA04C3B14F74AFD5B4FB11A3FB2E";"A6A8C8DC95CD41449EF8A3AF0098679A"
"23/09/2014, 07:15:06:151";"Trace";"Resolving parameter: file_type_id; with value: SLP;";"";"Technical";"6EBDDA04C3B14F74AFD5B4FB11A3FB2E";"A781179C1A9642148060A3AF0098679F"
"23/09/2014, 07:15:06:161";"Trace";"Get execution parameter: request_id; Value: ";"";"Technical";"6EBDDA04C3B14F74AFD5B4FB11A3FB2E";"BC40401A535A47D5A9E1A3AF009867A4"
"23/09/2014, 07:15:06:172";"Trace";"Get execution parameter: receive_file_path; Value: \\STP026.strl.ehc.adp.com\webbyfiles\folders\NPRSin\{f8ebbb015e354332bc798074072df2e0}";"";"Technical";"6EBDDA04C3B14F74AFD5B4FB11A3FB2E";"EBA4665AB8F944018A0DA3AF009867A4"
"23/09/2014, 07:15:06:181";"Trace";"Resolving execution parameter: receive_file_path; with value: \\STP026.strl.ehc.adp.com\webbyfiles\folders\NPRSin\{f8ebbb015e354332bc798074072df2e0};";"";"Technical";"6EBDDA04C3B14F74AFD5B4FB11A3FB2E";"FA04B7D6517A47E9B0D6A3AF009867A9"
"23/09/2014, 07:15:06:183";"Trace";"Resolving parameter: att_status; with value: 60;";"";"Technical";"6EBDDA04C3B14F74AFD5B4FB11A3FB2E";"C8DCBAC87C8A4E43AC98A3AF009867A9"
"23/09/2014, 07:15:06:191";"Trace";"Resolving parameter: requested_date; with value: 9/23/2014 9:15:05 AM;";"";"Technical";"6EBDDA04C3B14F74AFD5B4FB11A3FB2E";"B9B2918043F94D7A908CA3AF009867AD"
"23/09/2014, 07:15:06:193";"Trace";"Resolving parameter: flow_dir; with value: O;";"";"Technical";"6EBDDA04C3B14F74AFD5B4FB11A3FB2E";"844EEB81FD2340C2A291A3AF009867AD"
"23/09/2014, 07:15:06:205";"Trace";"Get execution parameter: cuid; Value: 005716";"";"Technical";"6EBDDA04C3B14F74AFD5B4FB11A3FB2E";"4ECB558620DD4E58AD3BA3AF009867AD"
"23/09/2014, 07:15:06:220";"Trace";"Get execution parameter: cuid; Value: 005716";"";"Technical";"6EBDDA04C3B14F74AFD5B4FB11A3FB2E";"1688FC35FA104280B388A3AF009867B2"
"23/09/2014, 07:15:06:222";"Trace";"Resolving execution parameter: cuid; with value: 005716;";"";"Technical";"6EBDDA04C3B14F74AFD5B4FB11A3FB2E";"2078A60B0C5A4F07B150A3AF009867B7"
"23/09/2014, 07:15:06:231";"Trace";"Get execution parameter: cid; Value: 010329";"";"Technical";"6EBDDA04C3B14F74AFD5B4FB11A3FB2E";"0B366D5B737C483B97FAA3AF009867B7"
"23/09/2014, 07:15:06:253";"Trace";"Get execution parameter: cid; Value: 010329";"";"Technical";"6EBDDA04C3B14F74AFD5B4FB11A3FB2E";"F4C9249840444CAE80FCA3AF009867C0"
"23/09/2014, 07:15:06:267";"Trace";"Resolving execution parameter: cid; with value: 010329;";"";"Technical";"6EBDDA04C3B14F74AFD5B4FB11A3FB2E";"E3D9ACCC97E04075963DA3AF009867C0"
"23/09/2014, 07:15:06:269";"Trace";"Resolving parameter: pid; with value: 999049;";"";"Technical";"6EBDDA04C3B14F74AFD5B4FB11A3FB2E";"AEE33B37A5BD441683D4A3AF009867C5"
"23/09/2014, 07:15:06:278";"Trace";"Resolving parameter: lid; with value: 730901;";"";"Technical";"6EBDDA04C3B14F74AFD5B4FB11A3FB2E";"345836AC1CFF48D5B62BA3AF009867C5"
"23/09/2014, 07:15:06:290";"Trace";"Resolving parameter: period; with value: 201409;";"";"Technical";"6EBDDA04C3B14F74AFD5B4FB11A3FB2E";"4037077DFADD4A53A0C3A3AF009867C9"
"23/09/2014, 07:15:06:294";"Trace";"Resolving parameter: file_path; with value: \\STP026\Webbyfiles\folders\999049\output\rejected\20140923;";"";"Technical";"6EBDDA04C3B14F74AFD5B4FB11A3FB2E";"0EDCFAE181324BC0BA92A3AF009867C9"
"23/09/2014, 07:15:06:307";"Trace";"Resolving parameter: file_name; with value: P_SLP_730901_20140901_20140930_00_V2_0000_00000_FILE_NOE_730901_Hoya_Finalauswertungen_09_2014.zip;";"";"Technical";"6EBDDA04C3B14F74AFD5B4FB11A3FB2E";"C6277CF716D343FA8FCCA3AF009867CE"
"23/09/2014, 07:15:06:320";"Trace";"Resolving parameter: file_type_id; with value: SLP;";"";"Technical";"6EBDDA04C3B14F74AFD5B4FB11A3FB2E";"182800EB5DA14A63866CA3AF009867D3"
"23/09/2014, 07:15:06:331";"Trace";"Get execution parameter: file_url; Value: ";"";"Technical";"6EBDDA04C3B14F74AFD5B4FB11A3FB2E";"E0C67F171BC64F5CAADDA3AF009867D7"
"23/09/2014, 07:15:06:337";"Trace";"Get execution parameter: folder_id; Value: ";"";"Technical";"6EBDDA04C3B14F74AFD5B4FB11A3FB2E";"BC06D44990624D66A207A3AF009867D7"
"23/09/2014, 07:15:06:339";"Trace";"Resolving parameter: att_status; with value: 60;";"";"Technical";"6EBDDA04C3B14F74AFD5B4FB11A3FB2E";"8B6B471457194D40897CA3AF009867D7"
"23/09/2014, 07:15:06:360";"Trace";"Get execution parameter: updated_user_id; Value: ";"";"Technical";"6EBDDA04C3B14F74AFD5B4FB11A3FB2E";"171D2899A4F64EF88BF3A3AF009867DC"
"23/09/2014, 07:15:06:403";"Trace";"Get execution parameter: updated_date; Value: ";"";"Technical";"6EBDDA04C3B14F74AFD5B4FB11A3FB2E";"94702A57B71C46628CA5A3AF009867EA"
"23/09/2014, 07:15:06:410";"Trace";"Resolving parameter: inserted_user_id; with value: SHUTTLE;";"";"Technical";"6EBDDA04C3B14F74AFD5B4FB11A3FB2E";"7EE84478478A4AF4AE93A3AF009867EF"
"23/09/2014, 07:15:06:419";"Trace";"Resolving parameter: inserted_date; with value: 9/23/2014 9:15:06 AM;";"";"Technical";"6EBDDA04C3B14F74AFD5B4FB11A3FB2E";"1D24D514AC524694BEE3A3AF009867EF"
"23/09/2014, 07:15:06:433";"Trace";"Resolving parameter: transmission_mode; with value: 1;";"";"Technical";"6EBDDA04C3B14F74AFD5B4FB11A3FB2E";"BF496A2256C94F75AA28A3AF009867F4"
"23/09/2014, 07:15:06:448";"Trace";"Get execution parameter: report_add; Value: ";"";"Technical";"6EBDDA04C3B14F74AFD5B4FB11A3FB2E";"AF53AE52EEF7407EADD0A3AF009867F8"
"23/09/2014, 07:15:06:468";"Trace";"Get execution parameter: t_mode_crs; Value: ";"";"Technical";"6EBDDA04C3B14F74AFD5B4FB11A3FB2E";"B05D1B9FE0D1477DBC22A3AF009867FD"
"23/09/2014, 07:15:06:482";"Trace";"Get execution parameter: status_file; Value: ";"";"Technical";"6EBDDA04C3B14F74AFD5B4FB11A3FB2E";"626B0E0E121A4383868CA3AF00986802"
"23/09/2014, 07:15:06:486";"Trace";"Resolving parameter: file_id; with value: 94F9611BD2134B6487C750C9B6FE734C;";"";"Technical";"6EBDDA04C3B14F74AFD5B4FB11A3FB2E";"3DA4D548E1D04405A4EAA3AF00986802"
"23/09/2014, 07:15:06:502";"Trace";"Get execution parameter: bpm_user; Value: ";"";"Technical";"6EBDDA04C3B14F74AFD5B4FB11A3FB2E";"3F1B7038CF934397800DA3AF00986806"
"23/09/2014, 07:15:06:511";"Trace";"Get execution parameter: published_date; Value: ";"";"Technical";"6EBDDA04C3B14F74AFD5B4FB11A3FB2E";"7EA47D98A8EB47C384F8A3AF0098680B"
"23/09/2014, 07:15:06:523";"Trace";"Resolving parameter: local_file_name; with value: 730901_Hoya_Finalauswertungen_09_2014;";"";"Technical";"6EBDDA04C3B14F74AFD5B4FB11A3FB2E";"B83F1FFBE33849A0BDFAA3AF00986810"
"23/09/2014, 07:15:06:532";"Trace";"Get execution parameter: client_file_name; Value: ";"";"Technical";"6EBDDA04C3B14F74AFD5B4FB11A3FB2E";"451EF803886A4D0186AEA3AF00986810"
"23/09/2014, 07:15:06:552";"Trace";"Get execution parameter: attached_date; Value: ";"";"Technical";"6EBDDA04C3B14F74AFD5B4FB11A3FB2E";"67C28BCB56F34747A546A3AF00986819"
"23/09/2014, 07:15:06:573";"Trace";"Get execution parameter: receive_file_path; Value: \\STP026.strl.ehc.adp.com\webbyfiles\folders\NPRSin\{f8ebbb015e354332bc798074072df2e0}";"";"Technical";"6EBDDA04C3B14F74AFD5B4FB11A3FB2E";"D17237B3C9AA4C908E69A3AF0098681E"
"23/09/2014, 07:15:06:584";"Trace";"Get execution parameter: receive_file_path; Value: \\STP026.strl.ehc.adp.com\webbyfiles\folders\NPRSin\{f8ebbb015e354332bc798074072df2e0}";"";"Technical";"6EBDDA04C3B14F74AFD5B4FB11A3FB2E";"32C91A913B9E42DCBCD1A3AF00986822"
"23/09/2014, 07:15:06:596";"Trace";"Resolving execution parameter: receive_file_path; with value: \\STP026.strl.ehc.adp.com\webbyfiles\folders\NPRSin\{f8ebbb015e354332bc798074072df2e0};";"";"Technical";"6EBDDA04C3B14F74AFD5B4FB11A3FB2E";"BBAD5CC7DB4D41E8A5AEA3AF00986822"
"23/09/2014, 07:15:06:610";"Trace";"Resolving parameter: file_visibility; with value: 0;";"";"Technical";"6EBDDA04C3B14F74AFD5B4FB11A3FB2E";"177FFDF331E8446C98BBA3AF00986827"
"23/09/2014, 07:15:06:622";"Trace";"Resolving parameter: file_sequence; with value: 00;";"";"Technical";"6EBDDA04C3B14F74AFD5B4FB11A3FB2E";"16A05554EDD94590A056A3AF0098682C"
"23/09/2014, 07:15:06:639";"Trace";"Get execution parameter: parent; Value: ";"";"Technical";"6EBDDA04C3B14F74AFD5B4FB11A3FB2E";"226437F38520415F8121A3AF00986830"
"23/09/2014, 07:15:06:653";"Trace";"Get execution parameter: out_srf_file; Value: ";"";"Technical";"6EBDDA04C3B14F74AFD5B4FB11A3FB2E";"23F7DF289726420FA6B7A3AF00986835"
"23/09/2014, 07:15:06:791";"Trace";"Set execution parameter: request_id; Value: 780212";"";"Technical";"6EBDDA04C3B14F74AFD5B4FB11A3FB2E";"C0557E9618F34FA3898FA3AF0098685F"
"23/09/2014, 07:15:06:800";"Trace";"Resolving parameter: file_id; with value: 94F9611BD2134B6487C750C9B6FE734C;";"";"Technical";"6EBDDA04C3B14F74AFD5B4FB11A3FB2E";"D0C563376F3B4AD8B1B6A3AF00986864"
"23/09/2014, 07:15:06:815";"Info";"End step 5 execution successfully";"";"Technical";"6EBDDA04C3B14F74AFD5B4FB11A3FB2E";"6BCAFE8150C849D5BF16A3AF00986864"
"23/09/2014, 07:15:06:840";"Info";">> Begin execution step: 1535D47AB0A54A798EFBA3AF009863E8; with order: 6";"";"Technical";"6EBDDA04C3B14F74AFD5B4FB11A3FB2E";"F334CBBDDF614272A397A3AF0098686D"
"23/09/2014, 07:15:06:863";"Debug";"Command: F95EEC9507634BC398EE90A5630D54EE; Name: Link to NPrS";"";"Technical";"6EBDDA04C3B14F74AFD5B4FB11A3FB2E";"35407AEDE9194C77AA31A3AF00986877"
"23/09/2014, 07:15:06:878";"Debug";"Registering parameters for step 1535D47AB0A54A798EFBA3AF009863E8";"";"Technical";"6EBDDA04C3B14F74AFD5B4FB11A3FB2E";"A0AC150904434845AC86A3AF0098687B"
"23/09/2014, 07:15:06:887";"Trace";"Set default parameter: pipeline_id; with value: 6EBDDA04C3B14F74AFD5B4FB11A3FB2E";"";"Technical";"6EBDDA04C3B14F74AFD5B4FB11A3FB2E";"F07AFB5F38124631AAC5A3AF0098687B"
"23/09/2014, 07:15:06:898";"Trace";"Set default parameter: tid; with value: 999049";"";"Technical";"6EBDDA04C3B14F74AFD5B4FB11A3FB2E";"E5FF772FE9204FD3A4A2A3AF00986880"
"23/09/2014, 07:15:06:907";"Trace";"Set default parameter: side; with value: Platform";"";"Technical";"6EBDDA04C3B14F74AFD5B4FB11A3FB2E";"4D9F252A57AE4FA28EEFA3AF00986880"
"23/09/2014, 07:15:06:916";"Trace";"Set default parameter: file_id; with value: 94F9611BD2134B6487C750C9B6FE734C";"";"Technical";"6EBDDA04C3B14F74AFD5B4FB11A3FB2E";"822BD5E299FB4618899FA3AF00986885"
"23/09/2014, 07:15:06:926";"Trace";"Set default parameter: file_path; with value: \\STP026\Webbyfiles\folders\999049\output\rejected\20140923";"";"Technical";"6EBDDA04C3B14F74AFD5B4FB11A3FB2E";"8B6FD548F8174DE58817A3AF0098688A"
"23/09/2014, 07:15:06:934";"Trace";"Set default parameter: file_name; with value: P_SLP_730901_20140901_20140930_00_V2_0000_00000_FILE_NOE_730901_Hoya_Finalauswertungen_09_2014.zip";"";"Technical";"6EBDDA04C3B14F74AFD5B4FB11A3FB2E";"9F03483CFA9545AC84C0A3AF0098688A"
"23/09/2014, 07:15:06:948";"Trace";"Set default parameter: file_type_id; with value: SLP";"";"Technical";"6EBDDA04C3B14F74AFD5B4FB11A3FB2E";"C1B144EC34B240949181A3AF0098688E"
"23/09/2014, 07:15:06:964";"Trace";"Set default parameter: container_type_id; with value: FILE";"";"Technical";"6EBDDA04C3B14F74AFD5B4FB11A3FB2E";"13DD7E1958DF4DA5A303A3AF00986893"
"23/09/2014, 07:15:06:980";"Trace";"Set default parameter: transmission_mode; with value: 1";"";"Technical";"6EBDDA04C3B14F74AFD5B4FB11A3FB2E";"DF4F33FF07F041A68430A3AF00986898"
"23/09/2014, 07:15:07:001";"Trace";"Set parameter: nprs_api_action; with value: NewFile";"";"Technical";"6EBDDA04C3B14F74AFD5B4FB11A3FB2E";"5DB9EAEC3D434F6D9AE1A3AF0098689C"
"23/09/2014, 07:15:07:038";"Trace";"Resolving parameter: nprs_api_newfile_pattern; with value: filecommunication/newfile/{0}/{1};";"";"Technical";"6EBDDA04C3B14F74AFD5B4FB11A3FB2E";"86FF021CF0CF4AAFB2FFA3AF009868AA"
"23/09/2014, 07:15:07:048";"Trace";"Set parameter: nprs_api_newfile_pattern; with value: filecommunication/newfile/{0}/{1}";"";"Technical";"6EBDDA04C3B14F74AFD5B4FB11A3FB2E";"5B1ECA6E42B544F5B586A3AF009868AA"
"23/09/2014, 07:15:07:061";"Trace";"Set parameter: nprs_api_verb2; with value: PUT";"";"Technical";"6EBDDA04C3B14F74AFD5B4FB11A3FB2E";"1280871C2BE54AE3B601A3AF009868AF"
"23/09/2014, 07:15:07:093";"Trace";"Resolving parameter: nprs_api_erroraction_pattern; with value: filecommunication/erroraction/{0}/{1}/{2};";"";"Technical";"6EBDDA04C3B14F74AFD5B4FB11A3FB2E";"5FDDDC8C7C2247FF806FA3AF009868B8"
"23/09/2014, 07:15:07:107";"Trace";"Set parameter: nprs_api_erroraction_pattern; with value: filecommunication/erroraction/{0}/{1}/{2}";"";"Technical";"6EBDDA04C3B14F74AFD5B4FB11A3FB2E";"CCB6806309E142E49429A3AF009868BD"
"23/09/2014, 07:15:07:117";"Trace";"Set parameter: nprs_api_action2; with value: InternalError";"";"Technical";"6EBDDA04C3B14F74AFD5B4FB11A3FB2E";"360EF47A300E45E697E0A3AF009868C2"
"23/09/2014, 07:15:07:149";"Trace";"Resolving parameter: nprs_api_url; with value: http://strnpsfrontvipprd.strl.ehc.adp.com/NPrS/api/;";"";"Technical";"6EBDDA04C3B14F74AFD5B4FB11A3FB2E";"3AD648D4A6E44BA4A7C1A3AF009868CB"
"23/09/2014, 07:15:07:159";"Trace";"Set parameter: nprs_api_url; with value: http://strnpsfrontvipprd.strl.ehc.adp.com/NPrS/api/";"";"Technical";"6EBDDA04C3B14F74AFD5B4FB11A3FB2E";"C9B07491163D4D7F9CBAA3AF009868D0"
"23/09/2014, 07:15:07:167";"Trace";"Set parameter: nprs_api_verb; with value: POST";"";"Technical";"6EBDDA04C3B14F74AFD5B4FB11A3FB2E";"7EBE52DB7D1E4F30A215A3AF009868D0"
"23/09/2014, 07:15:07:190";"Trace";"Resolving parameter: file_name; with value: P_SLP_730901_20140901_20140930_00_V2_0000_00000_FILE_NOE_730901_Hoya_Finalauswertungen_09_2014.zip;";"";"Technical";"6EBDDA04C3B14F74AFD5B4FB11A3FB2E";"303EEB3C0C1C4ABABE2AA3AF009868D9"
"23/09/2014, 07:15:07:201";"Trace";"Resolving parameter: file_path; with value: \\STP026\Webbyfiles\folders\999049\output\rejected\20140923;";"";"Technical";"6EBDDA04C3B14F74AFD5B4FB11A3FB2E";"C7D2DD41EB6E48269694A3AF009868D9"
"23/09/2014, 07:15:07:212";"Trace";"Resolving parameter: file_type_id; with value: SLP;";"";"Technical";"6EBDDA04C3B14F74AFD5B4FB11A3FB2E";"C4B6A54189654451A890A3AF009868DE"
"23/09/2014, 07:15:07:218";"Trace";"Get execution parameter: nprs_api_workflow_name; Value: ";"";"Technical";"6EBDDA04C3B14F74AFD5B4FB11A3FB2E";"416247EAFF1C4CBFA264A3AF009868DE"
"23/09/2014, 07:15:07:238";"Trace";"Resolving parameter: file_type_id; with value: SLP;";"";"Technical";"6EBDDA04C3B14F74AFD5B4FB11A3FB2E";"BC2295529A454FD399CEA3AF009868E7"
"23/09/2014, 07:15:07:258";"Trace";"Get execution parameter: nprs_api_workflow_name; Value: ";"";"Technical";"6EBDDA04C3B14F74AFD5B4FB11A3FB2E";"392560C783FD46A2A0ACA3AF009868EC"
"23/09/2014, 07:15:07:280";"Info";"Adding ApiWorkflowName to ExecutionParameters with value: SLP";"";"Technical";"6EBDDA04C3B14F74AFD5B4FB11A3FB2E";"151F2BA24F9F4263AD8EA3AF009868F1"
"23/09/2014, 07:15:07:291";"Trace";"Resolving parameter: nprs_api_action; with value: NewFile;";"";"Technical";"6EBDDA04C3B14F74AFD5B4FB11A3FB2E";"12F4B2B4BCA54660932FA3AF009868F5"
"23/09/2014, 07:15:07:300";"Trace";"Resolving parameter: nprs_api_verb; with value: POST;";"";"Technical";"6EBDDA04C3B14F74AFD5B4FB11A3FB2E";"7FAC2A34A2B04E6D8A0AA3AF009868FA"
"23/09/2014, 07:15:07:311";"Trace";"Get execution parameter: cuid; Value: 005716";"";"Technical";"6EBDDA04C3B14F74AFD5B4FB11A3FB2E";"6BB5868AF9814BB49037A3AF009868FA"
"23/09/2014, 07:15:07:313";"Trace";"Resolving execution parameter: cuid; with value: 005716;";"";"Technical";"6EBDDA04C3B14F74AFD5B4FB11A3FB2E";"88A44B8023C049DAAFCDA3AF009868FA"
"23/09/2014, 07:15:07:321";"Trace";"Get execution parameter: use_system_user; Value: ";"";"Technical";"6EBDDA04C3B14F74AFD5B4FB11A3FB2E";"532142AE1B5B498387D9A3AF009868FF"
"23/09/2014, 07:15:07:328";"Trace";"Resolving parameter: nprs_api_url; with value: http://strnpsfrontvipprd.strl.ehc.adp.com/NPrS/api/;";"";"Technical";"6EBDDA04C3B14F74AFD5B4FB11A3FB2E";"73D6330A7EF647E19B47A3AF009868FF"
"23/09/2014, 07:15:07:344";"Trace";"Resolving parameter: nprs_api_newfile_pattern; with value: filecommunication/newfile/{0}/{1};";"";"Technical";"6EBDDA04C3B14F74AFD5B4FB11A3FB2E";"6BC1D654590442529753A3AF00986903"
"23/09/2014, 07:15:07:368";"Trace";"Doing a 'POST' call with url 'http://strnpsfrontvipprd.strl.ehc.adp.com/NPrS/api/filecommunication/newfile/6EBDDA04C3B14F74AFD5B4FB11A3FB2E/SLP' and json '{""Cuid"":""005716"",""Side"":""Platform"",""FileName"":""\\\\STP026\\Webbyfiles\\folders\\999049\\output\\rejected\\20140923\\P_SLP_730901_20140901_20140930_00_V2_0000_00000_FILE_NOE_730901_Hoya_Finalauswertungen_09_2014.zip"",""CorrelationId"":""F8EBBB015E354332BC798074072DF2E0""}'";"";"Technical";"6EBDDA04C3B14F74AFD5B4FB11A3FB2E";"07DAE61998364EB186F5A3AF0098690D"
";"";"Technical";"6EBDDA04C3B14F74AFD5B4FB11A3FB2E";"C109F32ABF3F41DAA089A3AF0098692E"


X-AspNet-Version: 4.0.30319
Server: Microsoft-IIS/7.5
Expires: -1,-1
Date: Tue, 23 Sep 2014 07:14:54 GMT
Cache-Control: no-cache,no-cache
Content-Length: 0
X-UA-Compatible: IE=edge
Pragma: no-cache
"23/09/2014, 07:15:07:487";"Trace";"Status code: 200 OK
"23/09/2014, 07:15:07:499";"Trace";"Get execution parameter: nprs_api_workflow_name2; Value: ";"";"Technical";"6EBDDA04C3B14F74AFD5B4FB11A3FB2E";"D1FFAE43B57D411A8175A3AF00986932"
"23/09/2014, 07:15:07:508";"Trace";"Resolving parameter: file_type_id; with value: SLP;";"";"Technical";"6EBDDA04C3B14F74AFD5B4FB11A3FB2E";"78540656108C472F8131A3AF00986937"
"23/09/2014, 07:15:07:513";"Trace";"Get execution parameter: nprs_api_workflow_name2; Value: ";"";"Technical";"6EBDDA04C3B14F74AFD5B4FB11A3FB2E";"6A8255D973B549B784D6A3AF00986937"
"23/09/2014, 07:15:07:521";"Info";"Adding ApiWorkflowName2 to ExecutionParameters with value: SLP";"";"Technical";"6EBDDA04C3B14F74AFD5B4FB11A3FB2E";"32A215EE72AB4EEAAC09A3AF0098693C"
"23/09/2014, 07:15:07:530";"Trace";"Resolving parameter: nprs_api_action2; with value: InternalError;";"";"Technical";"6EBDDA04C3B14F74AFD5B4FB11A3FB2E";"DB658582CA954A1ABA4EA3AF0098693C"
"23/09/2014, 07:15:07:539";"Trace";"Resolving parameter: nprs_api_verb2; with value: PUT;";"";"Technical";"6EBDDA04C3B14F74AFD5B4FB11A3FB2E";"285E0EA7D3674369BE7FA3AF00986940"
"23/09/2014, 07:15:07:551";"Trace";"Get execution parameter: stop_on_manage_errors; Value: 1";"";"Technical";"6EBDDA04C3B14F74AFD5B4FB11A3FB2E";"C31B6245CFA946B39638A3AF00986945"
"23/09/2014, 07:15:07:556";"Trace";"Get execution parameter: naming_convention_error; Value: 1";"";"Technical";"6EBDDA04C3B14F74AFD5B4FB11A3FB2E";"3F5E69EB84C4400B87C8A3AF00986945"
"23/09/2014, 07:15:07:574";"Trace";"Get execution parameter: use_system_user; Value: ";"";"Technical";"6EBDDA04C3B14F74AFD5B4FB11A3FB2E";"368015B7C1B8458EBCC2A3AF0098694A"
"23/09/2014, 07:15:07:587";"Trace";"Resolving parameter: nprs_api_url; with value: http://strnpsfrontvipprd.strl.ehc.adp.com/NPrS/api/;";"";"Technical";"6EBDDA04C3B14F74AFD5B4FB11A3FB2E";"CCCC472BC6D041428369A3AF0098694E"
"23/09/2014, 07:15:07:595";"Trace";"Resolving parameter: nprs_api_erroraction_pattern; with value: filecommunication/erroraction/{0}/{1}/{2};";"";"Technical";"6EBDDA04C3B14F74AFD5B4FB11A3FB2E";"4F471851CA404165BFDEA3AF0098694E"
"23/09/2014, 07:15:07:601";"Trace";"Doing a 'PUT' call with url 'http://strnpsfrontvipprd.strl.ehc.adp.com/NPrS/api/filecommunication/erroraction/6EBDDA04C3B14F74AFD5B4FB11A3FB2E/SLP/NamingConventionError' and json '{""CorrelationId"":""F8EBBB015E354332BC798074072DF2E0""}'";"";"Technical";"6EBDDA04C3B14F74AFD5B4FB11A3FB2E";"B9AB7A28A21D4C9AA7ECA3AF00986953"
";"";"Technical";"6EBDDA04C3B14F74AFD5B4FB11A3FB2E";"C157DA2E131142FBA182A3AF009869F2"


X-AspNet-Version: 4.0.30319
Server: Microsoft-IIS/7.5
Expires: -1,-1
Date: Tue, 23 Sep 2014 07:14:54 GMT
Cache-Control: no-cache,no-cache
Content-Length: 0
X-UA-Compatible: IE=edge
Pragma: no-cache
"23/09/2014, 07:15:08:141";"Trace";"Status code: 200 OK
"23/09/2014, 07:15:08:177";"Trace";"Set execution parameter: nprs_api_workflow_name; Value: SLP";"";"Technical";"6EBDDA04C3B14F74AFD5B4FB11A3FB2E";"54C4E37E1AF8481CBA6AA3AF00986A01"
"23/09/2014, 07:15:08:201";"Trace";"Set execution parameter: out_nprs_api_action_result; Value: True";"";"Technical";"6EBDDA04C3B14F74AFD5B4FB11A3FB2E";"3A2D76F0482D490889C8A3AF00986A05"
"23/09/2014, 07:15:08:236";"Trace";"Set execution parameter: out_nprs_api_action_url; Value: http://strnpsfrontvipprd.strl.ehc.adp.com/NPrS/api/filecommunication/newfile/6EBDDA04C3B14F74AFD5B4FB11A3FB2E/SLP";"";"Technical";"6EBDDA04C3B14F74AFD5B4FB11A3FB2E";"0F4F494F3A264F3CAB5DA3AF00986A0F"
"23/09/2014, 07:15:08:268";"Trace";"Set execution parameter: out_nprs_api_action_json; Value: {""Cuid"":""005716"",""Side"":""Platform"",""FileName"":""\\\\STP026\\Webbyfiles\\folders\\999049\\output\\rejected\\20140923\\P_SLP_730901_20140901_20140930_00_V2_0000_00000_FILE_NOE_730901_Hoya_Finalauswertungen_09_2014.zip"",""CorrelationId"":""F8EBBB015E354332BC798074072DF2E0""}";"";"Technical";"6EBDDA04C3B14F74AFD5B4FB11A3FB2E";"9A1BDA2998B64317BC4CA3AF00986A18"
"23/09/2014, 07:15:08:295";"Trace";"Set execution parameter: nprs_api_workflow_name2; Value: SLP";"";"Technical";"6EBDDA04C3B14F74AFD5B4FB11A3FB2E";"75A8587808A04A049B95A3AF00986A21"
"23/09/2014, 07:15:08:323";"Trace";"Set execution parameter: out_nprs_api_action_result2; Value: True";"";"Technical";"6EBDDA04C3B14F74AFD5B4FB11A3FB2E";"2794142AE51246D28FF2A3AF00986A2B"
"23/09/2014, 07:15:08:405";"Trace";"Set execution parameter: out_nprs_api_action_url2; Value: http://strnpsfrontvipprd.strl.ehc.adp.com/NPrS/api/filecommunication/erroraction/6EBDDA04C3B14F74AFD5B4FB11A3FB2E/SLP/NamingConventionError";"";"Technical";"6EBDDA04C3B14F74AFD5B4FB11A3FB2E";"F56FCBAE987E467C8530A3AF00986A42"
"23/09/2014, 07:15:08:425";"Trace";"Set execution parameter: out_nprs_api_action_json2; Value: {""CorrelationId"":""F8EBBB015E354332BC798074072DF2E0""}";"";"Technical";"6EBDDA04C3B14F74AFD5B4FB11A3FB2E";"A857D2313AAE44B4AD4CA3AF00986A4C"
"23/09/2014, 07:15:08:438";"Info";"End step 6 execution successfully";"";"Technical";"6EBDDA04C3B14F74AFD5B4FB11A3FB2E";"04EB29A79C474CF6896DA3AF00986A4C"
"23/09/2014, 07:15:08:450";"Info";">> Begin execution step: BB00191DC5DC42B8A9C4A3AF009863E8; with order: 7";"";"Technical";"6EBDDA04C3B14F74AFD5B4FB11A3FB2E";"A202DC5A9D484CFFA564A3AF00986A50"
"23/09/2014, 07:15:08:459";"Debug";"Command: A589529B755844598885DF716C6995D1; Name: Manage errors based on active flags";"";"Technical";"6EBDDA04C3B14F74AFD5B4FB11A3FB2E";"2253DFB26D814B56AC94A3AF00986A55"
"23/09/2014, 07:15:08:465";"Debug";"Registering parameters for step BB00191DC5DC42B8A9C4A3AF009863E8";"";"Technical";"6EBDDA04C3B14F74AFD5B4FB11A3FB2E";"210CE7553BE842D188C6A3AF00986A55"
"23/09/2014, 07:15:08:477";"Trace";"Set default parameter: pipeline_id; with value: 6EBDDA04C3B14F74AFD5B4FB11A3FB2E";"";"Technical";"6EBDDA04C3B14F74AFD5B4FB11A3FB2E";"5A6B40A49D73421AAFFAA3AF00986A5A"
"23/09/2014, 07:15:08:479";"Trace";"Set default parameter: tid; with value: 999049";"";"Technical";"6EBDDA04C3B14F74AFD5B4FB11A3FB2E";"0934492AF011488A972AA3AF00986A5A"
"23/09/2014, 07:15:08:493";"Trace";"Set default parameter: side; with value: Platform";"";"Technical";"6EBDDA04C3B14F74AFD5B4FB11A3FB2E";"AFDBBC8EDECE41B5A292A3AF00986A5E"
"23/09/2014, 07:15:08:495";"Trace";"Set default parameter: file_id; with value: 94F9611BD2134B6487C750C9B6FE734C";"";"Technical";"6EBDDA04C3B14F74AFD5B4FB11A3FB2E";"745F714EB0434012BF8EA3AF00986A5E"
"23/09/2014, 07:15:08:525";"Trace";"Set default parameter: file_path; with value: \\STP026\Webbyfiles\folders\999049\output\rejected\20140923";"";"Technical";"6EBDDA04C3B14F74AFD5B4FB11A3FB2E";"6C2C1BCE13F94F2C8E5EA3AF00986A68"
"23/09/2014, 07:15:08:531";"Trace";"Set default parameter: file_name; with value: P_SLP_730901_20140901_20140930_00_V2_0000_00000_FILE_NOE_730901_Hoya_Finalauswertungen_09_2014.zip";"";"Technical";"6EBDDA04C3B14F74AFD5B4FB11A3FB2E";"308F2A8980084362A1B6A3AF00986A68"
"23/09/2014, 07:15:08:538";"Trace";"Set default parameter: file_type_id; with value: SLP";"";"Technical";"6EBDDA04C3B14F74AFD5B4FB11A3FB2E";"B64E3EC2B87A4B919A4DA3AF00986A6C"
"23/09/2014, 07:15:08:547";"Trace";"Set default parameter: container_type_id; with value: FILE";"";"Technical";"6EBDDA04C3B14F74AFD5B4FB11A3FB2E";"0DD59A2F43E24253A605A3AF00986A6C"
"23/09/2014, 07:15:08:554";"Trace";"Set default parameter: transmission_mode; with value: 1";"";"Technical";"6EBDDA04C3B14F74AFD5B4FB11A3FB2E";"E87583B3773E4D59BAD9A3AF00986A71"
"23/09/2014, 07:15:08:573";"Trace";"Resolving parameter: file_name; with value: P_SLP_730901_20140901_20140930_00_V2_0000_00000_FILE_NOE_730901_Hoya_Finalauswertungen_09_2014.zip;";"";"Technical";"6EBDDA04C3B14F74AFD5B4FB11A3FB2E";"1287FDA904D24384A434A3AF00986A76"
"23/09/2014, 07:15:08:589";"Trace";"Resolving parameter: file_path; with value: \\STP026\Webbyfiles\folders\999049\output\rejected\20140923;";"";"Technical";"6EBDDA04C3B14F74AFD5B4FB11A3FB2E";"428575C9CE8C44928DB2A3AF00986A7A"
"23/09/2014, 07:15:08:601";"Trace";"Resolving parameter: file_type_id; with value: SLP;";"";"Technical";"6EBDDA04C3B14F74AFD5B4FB11A3FB2E";"B302BED78FC24B95948DA3AF00986A7F"
"23/09/2014, 07:15:08:626";"Trace";"Resolving parameter: reports_folder; with value: \\STP026\Reports;";"";"Technical";"6EBDDA04C3B14F74AFD5B4FB11A3FB2E";"11A200431DF44FCFA0F6A3AF00986A84"
"23/09/2014, 07:15:08:636";"Trace";"Get execution parameter: naming_convention_error; Value: 1";"";"Technical";"6EBDDA04C3B14F74AFD5B4FB11A3FB2E";"AFAE42BBCEB44D7AB1F9A3AF00986A88"
"23/09/2014, 07:15:08:648";"Trace";"Resolving execution parameter: naming_convention_error; with value: 1;";"";"Technical";"6EBDDA04C3B14F74AFD5B4FB11A3FB2E";"DCE040241B2446F094C3A3AF00986A8D"
"23/09/2014, 07:15:08:660";"Trace";"Creating global errors file in: \\STP026\Reports\201409_NamingConvention_Errors.csv ;";"";"Technical";"6EBDDA04C3B14F74AFD5B4FB11A3FB2E";"91556B29A64741A1864EA3AF00986A92"
"23/09/2014, 07:15:08:663";"Trace";"Creating partner errors file in: \\STP026\Reports\999049\NamingConvention_Errors.csv ;";"";"Technical";"6EBDDA04C3B14F74AFD5B4FB11A3FB2E";"590E8B2597994E949CF6A3AF00986A92"
"23/09/2014, 07:15:08:677";"Trace";"Get execution parameter: stop_on_manage_errors; Value: 1";"";"Technical";"6EBDDA04C3B14F74AFD5B4FB11A3FB2E";"F94213B0C00C42DAB095A3AF00986A97"
"23/09/2014, 07:15:08:679";"Trace";"Resolving execution parameter: stop_on_manage_errors; with value: 1;";"";"Technical";"6EBDDA04C3B14F74AFD5B4FB11A3FB2E";"5AC59D64C95F4E82B03FA3AF00986A97"
"23/09/2014, 07:15:08:702";"Trace";"Get execution parameter: lck_channel_locked; Value: ";"";"Technical";"6EBDDA04C3B14F74AFD5B4FB11A3FB2E";"7FEE9F0B0C0047F5A4F7A3AF00986A9B"
"23/09/2014, 07:15:08:716";"Trace";"Get execution parameter: bpm_web_service_error; Value: ";"";"Technical";"6EBDDA04C3B14F74AFD5B4FB11A3FB2E";"35FA4401A6D044CAAF4CA3AF00986AA0"
"23/09/2014, 07:15:08:727";"Warning";"End step 7 execution with errors...";"";"Technical";"6EBDDA04C3B14F74AFD5B4FB11A3FB2E";"77EDFFE6000F4D46A211A3AF00986AA5"
"23/09/2014, 07:15:08:742";"Debug";"Begin rollback pipeline: 6EBDDA04C3B14F74AFD5B4FB11A3FB2E; from step 7";"";"Technical";"6EBDDA04C3B14F74AFD5B4FB11A3FB2E";"3B42A304A29740CDBEF6A3AF00986AA9"
"23/09/2014, 07:15:08:750";"Info";"<< Begin rollback step: BB00191DC5DC42B8A9C4A3AF009863E8; Order: 7";"";"Technical";"6EBDDA04C3B14F74AFD5B4FB11A3FB2E";"9F6441BC77E042A8922AA3AF00986AA9"
"23/09/2014, 07:15:08:758";"Debug";"Command: A589529B755844598885DF716C6995D1; Name: Manage errors based on active flags";"";"Technical";"6EBDDA04C3B14F74AFD5B4FB11A3FB2E";"F1EA25BC72D9460B9F69A3AF00986AAE"
"23/09/2014, 07:15:08:775";"Debug";"Registering parameters for step BB00191DC5DC42B8A9C4A3AF009863E8";"";"Technical";"6EBDDA04C3B14F74AFD5B4FB11A3FB2E";"4299B59958644AAEAED3A3AF00986AB3"
"23/09/2014, 07:15:08:777";"Trace";"Set default parameter: pipeline_id; with value: 6EBDDA04C3B14F74AFD5B4FB11A3FB2E";"";"Technical";"6EBDDA04C3B14F74AFD5B4FB11A3FB2E";"7DDD483DCDCD41808586A3AF00986AB3"
"23/09/2014, 07:15:08:779";"Trace";"Set default parameter: tid; with value: 999049";"";"Technical";"6EBDDA04C3B14F74AFD5B4FB11A3FB2E";"D24DDE9C12D14A178AB4A3AF00986AB3"
"23/09/2014, 07:15:08:792";"Trace";"Set default parameter: side; with value: Platform";"";"Technical";"6EBDDA04C3B14F74AFD5B4FB11A3FB2E";"86997B0FB7BB4E51B84BA3AF00986AB7"
"23/09/2014, 07:15:08:803";"Trace";"Set default parameter: file_id; with value: 94F9611BD2134B6487C750C9B6FE734C";"";"Technical";"6EBDDA04C3B14F74AFD5B4FB11A3FB2E";"7F6353F1EE1D43E68D8FA3AF00986ABC"
"23/09/2014, 07:15:08:821";"Trace";"Set default parameter: file_path; with value: \\STP026\Webbyfiles\folders\999049\output\rejected\20140923";"";"Technical";"6EBDDA04C3B14F74AFD5B4FB11A3FB2E";"EAE822231238464BB60FA3AF00986AC1"
"23/09/2014, 07:15:08:837";"Trace";"Set default parameter: file_name; with value: P_SLP_730901_20140901_20140930_00_V2_0000_00000_FILE_NOE_730901_Hoya_Finalauswertungen_09_2014.zip";"";"Technical";"6EBDDA04C3B14F74AFD5B4FB11A3FB2E";"73B4B361BCB44550809DA3AF00986AC5"
"23/09/2014, 07:15:08:845";"Trace";"Set default parameter: file_type_id; with value: SLP";"";"Technical";"6EBDDA04C3B14F74AFD5B4FB11A3FB2E";"68ED66600B424BB586C0A3AF00986AC5"
"23/09/2014, 07:15:08:854";"Trace";"Set default parameter: container_type_id; with value: FILE";"";"Technical";"6EBDDA04C3B14F74AFD5B4FB11A3FB2E";"8AF17EF032D24B71B04CA3AF00986ACA"
"23/09/2014, 07:15:08:856";"Trace";"Set default parameter: transmission_mode; with value: 1";"";"Technical";"6EBDDA04C3B14F74AFD5B4FB11A3FB2E";"FBC3A0CDEE414E0CAEC4A3AF00986ACA"
"23/09/2014, 07:15:08:876";"Trace";"Resolving parameter: file_name; with value: P_SLP_730901_20140901_20140930_00_V2_0000_00000_FILE_NOE_730901_Hoya_Finalauswertungen_09_2014.zip;";"";"Technical";"6EBDDA04C3B14F74AFD5B4FB11A3FB2E";"94577C835DD84054ACE0A3AF00986ACF"
"23/09/2014, 07:15:08:884";"Trace";"Resolving parameter: file_path; with value: \\STP026\Webbyfiles\folders\999049\output\rejected\20140923;";"";"Technical";"6EBDDA04C3B14F74AFD5B4FB11A3FB2E";"8043F73E20AB4F0F8BBBA3AF00986AD3"
"23/09/2014, 07:15:08:903";"Trace";"Resolving parameter: file_type_id; with value: SLP;";"";"Technical";"6EBDDA04C3B14F74AFD5B4FB11A3FB2E";"2A53937DAC204C30A4E3A3AF00986AD8"
"23/09/2014, 07:15:08:917";"Trace";"Get execution parameter: lck_channel_locked; Value: ";"";"Technical";"6EBDDA04C3B14F74AFD5B4FB11A3FB2E";"0FFDE3BEF9094C6498E3A3AF00986ADD"
"23/09/2014, 07:15:08:925";"Warning";"";"";"Technical";"6EBDDA04C3B14F74AFD5B4FB11A3FB2E";"04589C06947A4036B322A3AF00986AE2"
"23/09/2014, 07:15:08:936";"Info";"End rollback with status: True";"";"Technical";"6EBDDA04C3B14F74AFD5B4FB11A3FB2E";"D8B1E655A80549F8BAFFA3AF00986AE2"
"23/09/2014, 07:15:08:951";"Debug";"<< Step 7-Adp.Streamline.ProductionLine.Domain.Commands.ManageErrorsCommand is milestone";"";"Technical";"6EBDDA04C3B14F74AFD5B4FB11A3FB2E";"F37A32BB6CE745588DC2A3AF00986AE6"
"23/09/2014, 07:15:08:980";"Info";"Removing folder \\STP026.strl.ehc.adp.com\webbyfiles\folders\NPRSin\{f8ebbb015e354332bc798074072df2e0} from Pipeline with Guid 6EBDDA04C3B14F74AFD5B4FB11A3FB2E";"";"Technical";"6EBDDA04C3B14F74AFD5B4FB11A3FB2E";"E7005F905FC94C4E8428A3AF00986AF0"
"23/09/2014, 07:15:08:992";"Info";"Pipeline with guid: 6EBDDA04C3B14F74AFD5B4FB11A3FB2E; has been executed with status: False;";"";"Technical";"6EBDDA04C3B14F74AFD5B4FB11A3FB2E";"72B11221212E4AB2828AA3AF00986AF4"
"23/09/2014, 07:15:09:004";"Debug";"ReleaseStaticUserContext in thread id: 96; name: 94F9611BD2134B6487C750C9B6FE734C";"";"Technical";"6EBDDA04C3B14F74AFD5B4FB11A3FB2E";"1B7B3A9420B14891B383A3AF00986AF9"
"23/09/2014, 07:15:09:019";"Debug";"Close Log Session in thread id: 96; name: 94F9611BD2134B6487C750C9B6FE734C";"";"Technical";"6EBDDA04C3B14F74AFD5B4FB11A3FB2E";"1A8505F385144C43AD3BA3AF00986AFE"
"TIME";"DSC_ERROR_LEVEL";"MESSAGE";"DETAILS_ERROR";"DSC_ERROR_TYPE";"GUID_PROCESS_EXECUTION";"GUID_PROCESS_ERROR"
