"TIME";"DSC_ERROR_LEVEL";"MESSAGE";"DETAILS_ERROR";"DSC_ERROR_TYPE";"GUID_PROCESS_EXECUTION";"GUID_PROCESS_ERROR"
"05/09/2014, 13:17:05:545";"Debug";"Begin execution pipeline: ADA2D73F31084922979D751312199BD9; from type: OUTPUT process for non-direct files;";"";"Technical";"ADA2D73F31084922979D751312199BD9";"9A7830371A034F59922EA39D00FBE2C8"
"05/09/2014, 13:17:05:560";"Info";">> Begin execution step: 2EF51A6F5E464851B7E4A39D00FBE27D; with order: 0";"";"Technical";"ADA2D73F31084922979D751312199BD9";"D266487B46154B83A7B7A39D00FBE2CC"
"05/09/2014, 13:17:05:568";"Debug";"Command: 07CF998A91EF4E05B53141AD6E50DF89; Name: Perform a file backup";"";"Technical";"ADA2D73F31084922979D751312199BD9";"DCD07505354B4CD988A6A39D00FBE2D1"
"05/09/2014, 13:17:05:569";"Debug";"Registering parameters for step 2EF51A6F5E464851B7E4A39D00FBE27D";"";"Technical";"ADA2D73F31084922979D751312199BD9";"523495C1947847B1AD6BA39D00FBE2D1"
"05/09/2014, 13:17:05:580";"Trace";"Set default parameter: pipeline_id; with value: ADA2D73F31084922979D751312199BD9";"";"Technical";"ADA2D73F31084922979D751312199BD9";"ECB83772F27742E09CF7A39D00FBE2D1"
"05/09/2014, 13:17:05:587";"Trace";"Set default parameter: tid; with value: 954321";"";"Technical";"ADA2D73F31084922979D751312199BD9";"323963AC824544DDB378A39D00FBE2D6"
"05/09/2014, 13:17:05:594";"Trace";"Set default parameter: side; with value: Platform";"";"Technical";"ADA2D73F31084922979D751312199BD9";"F38D7E8F29304A818D61A39D00FBE2D6"
"05/09/2014, 13:17:05:611";"Trace";"Set default parameter: file_id; with value: 8F442230CBF3481A8D993D244DA5B3B6";"";"Technical";"ADA2D73F31084922979D751312199BD9";"AE80B3A12E6748AAB129A39D00FBE2DA"
"05/09/2014, 13:17:05:621";"Trace";"Set default parameter: file_path; with value: \\ind021\Webbyfiles\folders\954321\OUTPUT";"";"Technical";"ADA2D73F31084922979D751312199BD9";"4ADB574368254053BDFFA39D00FBE2DF"
"05/09/2014, 13:17:05:631";"Trace";"Set default parameter: file_name; with value: P_SLP_LIDA_20140201_20140228_00_V2_0000_00000_FILE_NOE_CONSEJEROS-DIRECCIαααN.pdf";"";"Technical";"ADA2D73F31084922979D751312199BD9";"B0F7860CA5584F27A8E0A39D00FBE2E4"
"05/09/2014, 13:17:05:639";"Trace";"Set default parameter: file_type_id; with value: SLP";"";"Technical";"ADA2D73F31084922979D751312199BD9";"C599EEA383434230AA9BA39D00FBE2E4"
"05/09/2014, 13:17:05:645";"Trace";"Set default parameter: container_type_id; with value: FILE";"";"Technical";"ADA2D73F31084922979D751312199BD9";"116270E91D3E4790B077A39D00FBE2E4"
"05/09/2014, 13:17:05:646";"Trace";"Set default parameter: transmission_mode; with value: 1";"";"Technical";"ADA2D73F31084922979D751312199BD9";"CAC99942AE7E4961BDA5A39D00FBE2E4"
"05/09/2014, 13:17:05:665";"Trace";"Resolving parameter: file_name; with value: P_SLP_LIDA_20140201_20140228_00_V2_0000_00000_FILE_NOE_CONSEJEROS-DIRECCIαααN.pdf;";"";"Technical";"ADA2D73F31084922979D751312199BD9";"2CBE8421931F4C3EA73AA39D00FBE2ED"
"05/09/2014, 13:17:05:673";"Trace";"Resolving parameter: file_path; with value: \\ind021\Webbyfiles\folders\954321\OUTPUT;";"";"Technical";"ADA2D73F31084922979D751312199BD9";"0B51132A7B034C88A495A39D00FBE2ED"
"05/09/2014, 13:17:05:691";"Trace";"Resolving parameter: file_type_id; with value: SLP;";"";"Technical";"ADA2D73F31084922979D751312199BD9";"BF4FEB75F3D14809AA67A39D00FBE2F2"
"05/09/2014, 13:17:05:722";"Trace";"Resolving parameter: backup_folder; with value: \\ind021\Workfolder\BackUp;";"";"Technical";"ADA2D73F31084922979D751312199BD9";"89F79B34BC8C41E4B729A39D00FBE2FB"
"05/09/2014, 13:17:05:734";"Trace";"Resolving parameter: file_name; with value: P_SLP_LIDA_20140201_20140228_00_V2_0000_00000_FILE_NOE_CONSEJEROS-DIRECCIαααN.pdf;";"";"Technical";"ADA2D73F31084922979D751312199BD9";"BF0473A8B09F46B5B3E6A39D00FBE300"
"05/09/2014, 13:17:05:747";"Debug";"Executed command Adp.Streamline.ProductionLine.Domain.Commands.CopyFileCommand from command Adp.Streamline.ProductionLine.Domain.Commands.BackupFileCommand with status True";"";"Technical";"ADA2D73F31084922979D751312199BD9";"DC16080FB1B34659A874A39D00FBE304"
"05/09/2014, 13:17:05:753";"Trace";"Parameter: file_name; with value: P_SLP_LIDA_20140201_20140228_00_V2_0000_00000_FILE_NOE_CONSEJEROS-DIRECCIαααN.pdf; for: Adp.Streamline.ProductionLine.Domain.Commands.CopyFileCommand;";"";"Technical";"ADA2D73F31084922979D751312199BD9";"A1D6B30A2E2B4CFD8388A39D00FBE304"
"05/09/2014, 13:17:05:760";"Trace";"Parameter: source_folder; with value: \\ind021\Webbyfiles\folders\954321\OUTPUT; for: Adp.Streamline.ProductionLine.Domain.Commands.CopyFileCommand;";"";"Technical";"ADA2D73F31084922979D751312199BD9";"6AFD8491C54A4EFEA8F8A39D00FBE309"
"05/09/2014, 13:17:05:776";"Trace";"Parameter: destination_folder; with value: \\ind021\Workfolder\BackUp\20140905; for: Adp.Streamline.ProductionLine.Domain.Commands.CopyFileCommand;";"";"Technical";"ADA2D73F31084922979D751312199BD9";"BBAB586BC16146B282D4A39D00FBE30E"
"05/09/2014, 13:17:05:783";"Info";"End step 0 execution successfully";"";"Technical";"ADA2D73F31084922979D751312199BD9";"DDAD8294AB9E47789942A39D00FBE30E"
"05/09/2014, 13:17:05:807";"Info";">> Begin execution step: 86AC4EB5A0604304AE9BA39D00FBE281; with order: 1";"";"Technical";"ADA2D73F31084922979D751312199BD9";"AAFD483A768C4283A5EEA39D00FBE317"
"05/09/2014, 13:17:05:821";"Debug";"Command: 6698C812847C458496877E382FBC7D67; Name: Change file encoding";"";"Technical";"ADA2D73F31084922979D751312199BD9";"920723A7E167407DAB72A39D00FBE31C"
"05/09/2014, 13:17:05:828";"Debug";"Registering parameters for step 86AC4EB5A0604304AE9BA39D00FBE281";"";"Technical";"ADA2D73F31084922979D751312199BD9";"81D435BD637C496FA713A39D00FBE31C"
"05/09/2014, 13:17:05:836";"Trace";"Set default parameter: pipeline_id; with value: ADA2D73F31084922979D751312199BD9";"";"Technical";"ADA2D73F31084922979D751312199BD9";"0BF0F90C3EE74479AB69A39D00FBE321"
"05/09/2014, 13:17:05:847";"Trace";"Set default parameter: tid; with value: 954321";"";"Technical";"ADA2D73F31084922979D751312199BD9";"5E196CFAB3134B849A9AA39D00FBE321"
"05/09/2014, 13:17:05:854";"Trace";"Set default parameter: side; with value: Platform";"";"Technical";"ADA2D73F31084922979D751312199BD9";"BA7499D542C742C989E7A39D00FBE325"
"05/09/2014, 13:17:05:865";"Trace";"Set default parameter: file_id; with value: 8F442230CBF3481A8D993D244DA5B3B6";"";"Technical";"ADA2D73F31084922979D751312199BD9";"6E6338CE2AE949F193EAA39D00FBE325"
"05/09/2014, 13:17:05:876";"Trace";"Set default parameter: file_path; with value: \\ind021\Webbyfiles\folders\954321\OUTPUT";"";"Technical";"ADA2D73F31084922979D751312199BD9";"C3845EAAD83740DEBB6AA39D00FBE32A"
"05/09/2014, 13:17:05:890";"Trace";"Set default parameter: file_name; with value: P_SLP_LIDA_20140201_20140228_00_V2_0000_00000_FILE_NOE_CONSEJEROS-DIRECCIαααN.pdf";"";"Technical";"ADA2D73F31084922979D751312199BD9";"65F4A307E3884FB49DEBA39D00FBE32F"
"05/09/2014, 13:17:05:898";"Trace";"Set default parameter: file_type_id; with value: SLP";"";"Technical";"ADA2D73F31084922979D751312199BD9";"9656BD8971A744298584A39D00FBE333"
"05/09/2014, 13:17:05:906";"Trace";"Set default parameter: container_type_id; with value: FILE";"";"Technical";"ADA2D73F31084922979D751312199BD9";"FAEB4F4CDAC04241874BA39D00FBE333"
"05/09/2014, 13:17:05:912";"Trace";"Set default parameter: transmission_mode; with value: 1";"";"Technical";"ADA2D73F31084922979D751312199BD9";"50795B8FF6C248CE8365A39D00FBE338"
"05/09/2014, 13:17:05:927";"Trace";"Resolving parameter: file_name; with value: P_SLP_LIDA_20140201_20140228_00_V2_0000_00000_FILE_NOE_CONSEJEROS-DIRECCIαααN.pdf;";"";"Technical";"ADA2D73F31084922979D751312199BD9";"5954D529BB1D43069A2BA39D00FBE338"
"05/09/2014, 13:17:05:942";"Trace";"Resolving parameter: file_path; with value: \\ind021\Webbyfiles\folders\954321\OUTPUT;";"";"Technical";"ADA2D73F31084922979D751312199BD9";"FE4C07CDC3D24BD0BF1AA39D00FBE33D"
"05/09/2014, 13:17:05:950";"Trace";"Resolving parameter: file_type_id; with value: SLP;";"";"Technical";"ADA2D73F31084922979D751312199BD9";"2A399567B8C7425F84B9A39D00FBE341"
"05/09/2014, 13:17:05:962";"Trace";"Resolving parameter: side; with value: Platform;";"";"Technical";"ADA2D73F31084922979D751312199BD9";"67C214B2D8FE4256AB20A39D00FBE346"
"05/09/2014, 13:17:05:972";"Trace";"Resolving parameter: transmission_mode; with value: 1;";"";"Technical";"ADA2D73F31084922979D751312199BD9";"46F7FC0612D44671888FA39D00FBE346"
"05/09/2014, 13:17:05:990";"Trace";"Resolving parameter: tid; with value: 954321;";"";"Technical";"ADA2D73F31084922979D751312199BD9";"85A0D29DCC2D49348CC9A39D00FBE34F"
"05/09/2014, 13:17:06:002";"Trace";"Resolving parameter: file_type_id; with value: SLP;";"";"Technical";"ADA2D73F31084922979D751312199BD9";"A47A5B2550B548C883E6A39D00FBE34F"
"05/09/2014, 13:17:06:007";"Trace";"Resolving parameter: container_type_id; with value: FILE;";"";"Technical";"ADA2D73F31084922979D751312199BD9";"622460CA0BBB44FBBFD6A39D00FBE354"
"05/09/2014, 13:17:06:067";"Debug";"Parameter: int_current_encoding; has no values for ContainerType: FILE; FileType: SLP; tid: 954321; TMode: P; Side: Platform";"";"Technical";"ADA2D73F31084922979D751312199BD9";"2B25A8D2448344C797EDA39D00FBE362"
"05/09/2014, 13:17:06:095";"Debug";"Parameter: int_current_encoding; has no value for tid: 954321; TMode: P; Side: Platform";"";"Technical";"ADA2D73F31084922979D751312199BD9";"CD45CA64786B460C8FB0A39D00FBE36C"
"05/09/2014, 13:17:06:148";"Debug";"Parameter: int_new_encoding; has no values for ContainerType: FILE; FileType: SLP; tid: 954321; TMode: P; Side: Platform";"";"Technical";"ADA2D73F31084922979D751312199BD9";"A3C474166AB8421FAC69A39D00FBE37E"
"05/09/2014, 13:17:06:179";"Debug";"Parameter: int_new_encoding; has no value for tid: 954321; TMode: P; Side: Platform";"";"Technical";"ADA2D73F31084922979D751312199BD9";"B296CCA2EAB84CBAA7C7A39D00FBE388"
"05/09/2014, 13:17:06:203";"Debug";"No file encoding will be applied";"";"Technical";"ADA2D73F31084922979D751312199BD9";"F518C9325941462FB237A39D00FBE38C"
"05/09/2014, 13:17:06:210";"Info";"End step 1 execution successfully";"";"Technical";"ADA2D73F31084922979D751312199BD9";"E178F7EC76024FEC8D35A39D00FBE391"
"05/09/2014, 13:17:06:230";"Info";">> Begin execution step: 7C0839932F1F49458F0FA39D00FBE281; with order: 2";"";"Technical";"ADA2D73F31084922979D751312199BD9";"ED180936EDA942B5BC17A39D00FBE396"
"05/09/2014, 13:17:06:237";"Debug";"Command: 5387E9079B9C4ED4A4289F3A885F34D8; Name: Perform naming validation";"";"Technical";"ADA2D73F31084922979D751312199BD9";"0EB9C739C8FF459A9378A39D00FBE396"
"05/09/2014, 13:17:06:244";"Debug";"Registering parameters for step 7C0839932F1F49458F0FA39D00FBE281";"";"Technical";"ADA2D73F31084922979D751312199BD9";"C98303E2ABFC4CAD97FCA39D00FBE39A"
"05/09/2014, 13:17:06:253";"Trace";"Set default parameter: pipeline_id; with value: ADA2D73F31084922979D751312199BD9";"";"Technical";"ADA2D73F31084922979D751312199BD9";"D22AAE3528884980A9CDA39D00FBE39A"
"05/09/2014, 13:17:06:263";"Trace";"Set default parameter: tid; with value: 954321";"";"Technical";"ADA2D73F31084922979D751312199BD9";"24A081715E7A4C13AECCA39D00FBE39F"
"05/09/2014, 13:17:06:270";"Trace";"Set default parameter: side; with value: Platform";"";"Technical";"ADA2D73F31084922979D751312199BD9";"669028277EB14258936EA39D00FBE39F"
"05/09/2014, 13:17:06:293";"Trace";"Set default parameter: file_id; with value: 8F442230CBF3481A8D993D244DA5B3B6";"";"Technical";"ADA2D73F31084922979D751312199BD9";"4FA8407B70FB4CE1B58FA39D00FBE3A9"
"05/09/2014, 13:17:06:305";"Trace";"Set default parameter: file_path; with value: \\ind021\Webbyfiles\folders\954321\OUTPUT";"";"Technical";"ADA2D73F31084922979D751312199BD9";"BE7DAE09E0B845ECB0C5A39D00FBE3AD"
"05/09/2014, 13:17:06:320";"Trace";"Set default parameter: file_name; with value: P_SLP_LIDA_20140201_20140228_00_V2_0000_00000_FILE_NOE_CONSEJEROS-DIRECCIαααN.pdf";"";"Technical";"ADA2D73F31084922979D751312199BD9";"04C8E89E082A44D19551A39D00FBE3B2"
"05/09/2014, 13:17:06:330";"Trace";"Set default parameter: file_type_id; with value: SLP";"";"Technical";"ADA2D73F31084922979D751312199BD9";"287A6A9065164CB69A33A39D00FBE3B2"
"05/09/2014, 13:17:06:338";"Trace";"Set default parameter: container_type_id; with value: FILE";"";"Technical";"ADA2D73F31084922979D751312199BD9";"1F7BEFC170864ACEA3BAA39D00FBE3B7"
"05/09/2014, 13:17:06:350";"Trace";"Set default parameter: transmission_mode; with value: 1";"";"Technical";"ADA2D73F31084922979D751312199BD9";"1996C778F47D49A6ACF6A39D00FBE3BB"
"05/09/2014, 13:17:06:369";"Trace";"Resolving parameter: file_name; with value: P_SLP_LIDA_20140201_20140228_00_V2_0000_00000_FILE_NOE_CONSEJEROS-DIRECCIαααN.pdf;";"";"Technical";"ADA2D73F31084922979D751312199BD9";"01812ED4BB0F4EA789A6A39D00FBE3C0"
"05/09/2014, 13:17:06:377";"Trace";"Resolving parameter: file_path; with value: \\ind021\Webbyfiles\folders\954321\OUTPUT;";"";"Technical";"ADA2D73F31084922979D751312199BD9";"B787F8D97E9048B0BC8CA39D00FBE3C0"
"05/09/2014, 13:17:06:388";"Trace";"Resolving parameter: file_type_id; with value: SLP;";"";"Technical";"ADA2D73F31084922979D751312199BD9";"B429FC18C9F047B3B1D3A39D00FBE3C5"
"05/09/2014, 13:17:06:425";"Trace";"Resolving parameter: side; with value: Platform;";"";"Technical";"ADA2D73F31084922979D751312199BD9";"DAA46B4F0F064E3E8400A39D00FBE3CE"
"05/09/2014, 13:17:06:437";"Trace";"Resolving parameter: tid; with value: 954321;";"";"Technical";"ADA2D73F31084922979D751312199BD9";"98805774A67E467BAAB1A39D00FBE3D3"
"05/09/2014, 13:17:06:444";"Trace";"Resolving parameter: file_name; with value: P_SLP_LIDA_20140201_20140228_00_V2_0000_00000_FILE_NOE_CONSEJEROS-DIRECCIαααN.pdf;";"";"Technical";"ADA2D73F31084922979D751312199BD9";"46FC3C2A81064A219C6CA39D00FBE3D7"
"05/09/2014, 13:17:06:509";"Trace";"Set execution parameter: lid; Value: LIDA";"";"Technical";"ADA2D73F31084922979D751312199BD9";"BFFE174D8C874D4EBBD2A39D00FBE3EA"
"05/09/2014, 13:17:06:527";"Trace";"Set execution parameter: cuid; Value: 017977";"";"Technical";"ADA2D73F31084922979D751312199BD9";"8AF96F1666E444EBA10AA39D00FBE3EF"
"05/09/2014, 13:17:06:586";"Trace";"Set execution parameter: cid; Value: 010675";"";"Technical";"ADA2D73F31084922979D751312199BD9";"3F79654F5BD2436E8DF4A39D00FBE402"
"05/09/2014, 13:17:06:601";"Trace";"Set execution parameter: pid; Value: 954321";"";"Technical";"ADA2D73F31084922979D751312199BD9";"E3E62D0994874F85B530A39D00FBE406"
"05/09/2014, 13:17:06:623";"Trace";"Set execution parameter: att_status; Value: 10";"";"Technical";"ADA2D73F31084922979D751312199BD9";"4324FC5693F746FEB6E4A39D00FBE40B"
"05/09/2014, 13:17:06:640";"Trace";"Set execution parameter: local_file_name; Value: CONSEJEROS-DIRECCIαααN";"";"Technical";"ADA2D73F31084922979D751312199BD9";"4385DCC83C094808839CA39D00FBE410"
"05/09/2014, 13:17:06:665";"Trace";"Set execution parameter: file_type_id; Value: SLP";"";"Technical";"ADA2D73F31084922979D751312199BD9";"B720CBF620E640AE88D9A39D00FBE419"
"05/09/2014, 13:17:06:687";"Trace";"Set execution parameter: file_sequence; Value: 00";"";"Technical";"ADA2D73F31084922979D751312199BD9";"98662B2FE5E44C249E2BA39D00FBE41E"
"05/09/2014, 13:17:06:719";"Trace";"Set execution parameter: period; Value: 201402";"";"Technical";"ADA2D73F31084922979D751312199BD9";"BEA92DE036E1452686B9A39D00FBE427"
"05/09/2014, 13:17:06:737";"Trace";"Set execution parameter: file_status; Value: 4";"";"Technical";"ADA2D73F31084922979D751312199BD9";"AC9C83C4EE8C420AABB0A39D00FBE42C"
"05/09/2014, 13:17:06:745";"Trace";"Resolving parameter: side; with value: Platform;";"";"Technical";"ADA2D73F31084922979D751312199BD9";"B44E3497DD244CB9B4EAA39D00FBE430"
"05/09/2014, 13:17:06:755";"Debug";"Calling send alert for generator Adp.Streamline.ProductionLine.Domain.NamingConventionCommandEvent for 0 event(s) and 0 parameter(s)";"";"Technical";"ADA2D73F31084922979D751312199BD9";"F4BEDCB05ACF4E539ED4A39D00FBE430"
"05/09/2014, 13:17:06:757";"Info";"End step 2 execution successfully";"";"Technical";"ADA2D73F31084922979D751312199BD9";"4CC2E7F190F04A1B9DACA39D00FBE435"
"05/09/2014, 13:17:06:771";"Info";">> Begin execution step: EB6432C78C5A49B3969EA39D00FBE281; with order: 3";"";"Technical";"ADA2D73F31084922979D751312199BD9";"A2B91B2F626345C79108A39D00FBE43A"
"05/09/2014, 13:17:06:782";"Debug";"Command: 2A0761008F254C19AF4D1B20627A10C6; Name: Manage file";"";"Technical";"ADA2D73F31084922979D751312199BD9";"9536F6E788294EED97AFA39D00FBE43A"
"05/09/2014, 13:17:06:787";"Debug";"Registering parameters for step EB6432C78C5A49B3969EA39D00FBE281";"";"Technical";"ADA2D73F31084922979D751312199BD9";"FD6D4E2F535848FEB395A39D00FBE43F"
"05/09/2014, 13:17:06:796";"Trace";"Set default parameter: pipeline_id; with value: ADA2D73F31084922979D751312199BD9";"";"Technical";"ADA2D73F31084922979D751312199BD9";"00614FA35988449DBE91A39D00FBE43F"
"05/09/2014, 13:17:06:807";"Trace";"Set default parameter: tid; with value: 954321";"";"Technical";"ADA2D73F31084922979D751312199BD9";"2D85CA9FE6CC441E908EA39D00FBE443"
"05/09/2014, 13:17:06:818";"Trace";"Set default parameter: side; with value: Platform";"";"Technical";"ADA2D73F31084922979D751312199BD9";"FD52A4A1A12144A4A838A39D00FBE448"
"05/09/2014, 13:17:06:829";"Trace";"Set default parameter: file_id; with value: 8F442230CBF3481A8D993D244DA5B3B6";"";"Technical";"ADA2D73F31084922979D751312199BD9";"7D03C609493E40C595CDA39D00FBE448"
"05/09/2014, 13:17:06:838";"Trace";"Set default parameter: file_path; with value: \\ind021\Webbyfiles\folders\954321\OUTPUT";"";"Technical";"ADA2D73F31084922979D751312199BD9";"05B158635628475FA433A39D00FBE44D"
"05/09/2014, 13:17:06:848";"Trace";"Set default parameter: file_name; with value: P_SLP_LIDA_20140201_20140228_00_V2_0000_00000_FILE_NOE_CONSEJEROS-DIRECCIαααN.pdf";"";"Technical";"ADA2D73F31084922979D751312199BD9";"E68FC741EBC64EC9A810A39D00FBE44D"
"05/09/2014, 13:17:06:858";"Trace";"Set default parameter: file_type_id; with value: SLP";"";"Technical";"ADA2D73F31084922979D751312199BD9";"C3C66A566CBD4DA09854A39D00FBE451"
"05/09/2014, 13:17:06:870";"Trace";"Set default parameter: container_type_id; with value: FILE";"";"Technical";"ADA2D73F31084922979D751312199BD9";"A1AF9854DF424CD3BE9CA39D00FBE456"
"05/09/2014, 13:17:06:871";"Trace";"Set default parameter: transmission_mode; with value: 1";"";"Technical";"ADA2D73F31084922979D751312199BD9";"DE478D1143C74A338ECCA39D00FBE456"
"05/09/2014, 13:17:06:885";"Trace";"Resolving parameter: file_name; with value: P_SLP_LIDA_20140201_20140228_00_V2_0000_00000_FILE_NOE_CONSEJEROS-DIRECCIαααN.pdf;";"";"Technical";"ADA2D73F31084922979D751312199BD9";"3A6716564BBA4BB29D74A39D00FBE45B"
"05/09/2014, 13:17:06:898";"Trace";"Resolving parameter: file_path; with value: \\ind021\Webbyfiles\folders\954321\OUTPUT;";"";"Technical";"ADA2D73F31084922979D751312199BD9";"6E391B1917024B358468A39D00FBE45F"
"05/09/2014, 13:17:06:908";"Trace";"Resolving parameter: file_type_id; with value: SLP;";"";"Technical";"ADA2D73F31084922979D751312199BD9";"F36AC14EDD5A4EB0B3FDA39D00FBE45F"
"05/09/2014, 13:17:06:913";"Trace";"Get execution parameter: file_status; Value: 4";"";"Technical";"ADA2D73F31084922979D751312199BD9";"299CB44168EA47FBBF79A39D00FBE464"
"05/09/2014, 13:17:06:924";"Trace";"Get execution parameter: file_status; Value: 4";"";"Technical";"ADA2D73F31084922979D751312199BD9";"825ED6C8FD734F1EA2F8A39D00FBE464"
"05/09/2014, 13:17:06:934";"Trace";"Resolving execution parameter: file_status; with value: 4;";"";"Technical";"ADA2D73F31084922979D751312199BD9";"BB1D5F2ABC084E4EB41CA39D00FBE469"
"05/09/2014, 13:17:06:964";"Trace";"Resolving parameter: standard_io_folder; with value: \\ind021\Webbyfiles\folders;";"";"Technical";"ADA2D73F31084922979D751312199BD9";"CD9CE67ACCFE4E83A4EEA39D00FBE472"
"05/09/2014, 13:17:06:974";"Trace";"Resolving parameter: file_name; with value: P_SLP_LIDA_20140201_20140228_00_V2_0000_00000_FILE_NOE_CONSEJEROS-DIRECCIαααN.pdf;";"";"Technical";"ADA2D73F31084922979D751312199BD9";"EF324E033BFE4FABA37DA39D00FBE472"
"05/09/2014, 13:17:06:988";"Info";"File 'P_SLP_LIDA_20140201_20140228_00_V2_0000_00000_FILE_NOE_CONSEJEROS-DIRECCIαααN.pdf' with sourcefolder '\\ind021\Webbyfiles\folders\954321\OUTPUT' was succesfully moved to '\\ind021\Webbyfiles\folders\954321\output\accepted\20140905\P_SLP_LIDA_20140201_20140228_00_V2_0000_00000_FILE_NOE_CONSEJEROS-DIRECCIαααN_1.pdf'";"";"Technical";"ADA2D73F31084922979D751312199BD9";"AA1EA6063EFE428D8972A39D00FBE477"
"05/09/2014, 13:17:07:003";"Debug";"File path updated. Old path: \\ind021\Webbyfiles\folders\954321\output\accepted\20140905\P_SLP_LIDA_20140201_20140228_00_V2_0000_00000_FILE_NOE_CONSEJEROS-DIRECCIαααN_1.pdf; New path: \\ind021\Webbyfiles\folders\954321\output\accepted\20140905";"";"Technical";"ADA2D73F31084922979D751312199BD9";"C6BA0F511D164AC6B177A39D00FBE47B"
"05/09/2014, 13:17:07:014";"Debug";"File name updated. Old file name: P_SLP_LIDA_20140201_20140228_00_V2_0000_00000_FILE_NOE_CONSEJEROS-DIRECCIαααN.pdf; New filename: P_SLP_LIDA_20140201_20140228_00_V2_0000_00000_FILE_NOE_CONSEJEROS-DIRECCIαααN_1.pdf";"";"Technical";"ADA2D73F31084922979D751312199BD9";"D3FB8C654FFC4F72B142A39D00FBE480"
"05/09/2014, 13:17:07:033";"Trace";"Set execution parameter: file_name; Value: P_SLP_LIDA_20140201_20140228_00_V2_0000_00000_FILE_NOE_CONSEJEROS-DIRECCIαααN_1.pdf";"";"Technical";"ADA2D73F31084922979D751312199BD9";"D0EE9E804FB24D928F46A39D00FBE485"
"05/09/2014, 13:17:07:058";"Trace";"Set execution parameter: receive_file_path; Value: \\ind021\Webbyfiles\folders\954321\OUTPUT";"";"Technical";"ADA2D73F31084922979D751312199BD9";"AB253970289445E09FBDA39D00FBE48E"
"05/09/2014, 13:17:07:068";"Trace";"Set execution parameter: file_path; Value: \\ind021\Webbyfiles\folders\954321\output\accepted\20140905";"";"Technical";"ADA2D73F31084922979D751312199BD9";"C64E0ABD48D746E9851EA39D00FBE493"
"05/09/2014, 13:17:07:091";"Trace";"Set execution parameter: input_file_info_file_path; Value: \\ind021\Webbyfiles\folders\954321\output\accepted\20140905";"";"Technical";"ADA2D73F31084922979D751312199BD9";"EDAED3DFCDE7429CA43CA39D00FBE498"
"05/09/2014, 13:17:07:126";"Trace";"Set execution parameter: input_file_info_receive_folder; Value: \\ind021\Webbyfiles\folders\954321\OUTPUT";"";"Technical";"ADA2D73F31084922979D751312199BD9";"2E4DA114DAC445D5A09FA39D00FBE4A1"
"05/09/2014, 13:17:07:141";"Info";"End step 3 execution successfully";"";"Technical";"ADA2D73F31084922979D751312199BD9";"8FDA091B4E784A60895EA39D00FBE4A6"
"05/09/2014, 13:17:07:165";"Info";">> Begin execution step: 9A56F5B971414A3D9FDDA39D00FBE281; with order: 4";"";"Technical";"ADA2D73F31084922979D751312199BD9";"E9A2F04F96FA49459397A39D00FBE4AF"
"05/09/2014, 13:17:07:170";"Debug";"Command: 63FEFF278E954104ADA0BCD56DA831D0; Name: Log data in legacy ShuttleFileEvents table";"";"Technical";"ADA2D73F31084922979D751312199BD9";"07655179DDCD4413B79AA39D00FBE4AF"
"05/09/2014, 13:17:07:195";"Debug";"Registering parameters for step 9A56F5B971414A3D9FDDA39D00FBE281";"";"Technical";"ADA2D73F31084922979D751312199BD9";"682EEA1A3B70400FBE6DA39D00FBE4B8"
"05/09/2014, 13:17:07:202";"Trace";"Set default parameter: pipeline_id; with value: ADA2D73F31084922979D751312199BD9";"";"Technical";"ADA2D73F31084922979D751312199BD9";"C854264CC3F34215A84FA39D00FBE4B8"
"05/09/2014, 13:17:07:229";"Trace";"Set default parameter: tid; with value: 954321";"";"Technical";"ADA2D73F31084922979D751312199BD9";"1F3FEA0749564CF4B708A39D00FBE4C2"
"05/09/2014, 13:17:07:245";"Trace";"Set default parameter: side; with value: Platform";"";"Technical";"ADA2D73F31084922979D751312199BD9";"4E34B2878C3C4CF59063A39D00FBE4C6"
"05/09/2014, 13:17:07:252";"Trace";"Set default parameter: file_id; with value: 8F442230CBF3481A8D993D244DA5B3B6";"";"Technical";"ADA2D73F31084922979D751312199BD9";"FB2A9159D1E04610B2C3A39D00FBE4C6"
"05/09/2014, 13:17:07:259";"Trace";"Set default parameter: file_path; with value: \\ind021\Webbyfiles\folders\954321\output\accepted\20140905";"";"Technical";"ADA2D73F31084922979D751312199BD9";"84A03CD6764342DB9B73A39D00FBE4CB"
"05/09/2014, 13:17:07:267";"Trace";"Set default parameter: file_name; with value: P_SLP_LIDA_20140201_20140228_00_V2_0000_00000_FILE_NOE_CONSEJEROS-DIRECCIαααN_1.pdf";"";"Technical";"ADA2D73F31084922979D751312199BD9";"91B2F0040F864991BEF5A39D00FBE4CB"
"05/09/2014, 13:17:07:276";"Trace";"Set default parameter: file_type_id; with value: SLP";"";"Technical";"ADA2D73F31084922979D751312199BD9";"DB847C8D6F1F489CBA0FA39D00FBE4D0"
"05/09/2014, 13:17:07:290";"Trace";"Set default parameter: container_type_id; with value: FILE";"";"Technical";"ADA2D73F31084922979D751312199BD9";"DCE67C96A95C4273A584A39D00FBE4D5"
"05/09/2014, 13:17:07:303";"Trace";"Set default parameter: transmission_mode; with value: 1";"";"Technical";"ADA2D73F31084922979D751312199BD9";"706FA1A260D24AB0A799A39D00FBE4D9"
"05/09/2014, 13:17:07:321";"Trace";"Overriding parameter: file_path; with value: \\ind021\Webbyfiles\folders\954321\output\accepted\20140905";"";"Technical";"ADA2D73F31084922979D751312199BD9";"30D5D9E55A964E798B93A39D00FBE4DE"
"05/09/2014, 13:17:07:331";"Trace";"Set parameter: requested_date; with value: 05/09/2014 15:17:07";"";"Technical";"ADA2D73F31084922979D751312199BD9";"0D8B4318059F476889F1A39D00FBE4DE"
"05/09/2014, 13:17:07:338";"Trace";"Set parameter: att_status; with value: 10";"";"Technical";"ADA2D73F31084922979D751312199BD9";"BECC7697A693439AA499A39D00FBE4E3"
"05/09/2014, 13:17:07:359";"Trace";"Set parameter: file_sequence; with value: 00";"";"Technical";"ADA2D73F31084922979D751312199BD9";"5AB213DFE87849E1BA9DA39D00FBE4E7"
"05/09/2014, 13:17:07:368";"Trace";"Set parameter: flow_dir; with value: O";"";"Technical";"ADA2D73F31084922979D751312199BD9";"F95DC23D19B349D7934EA39D00FBE4EC"
"05/09/2014, 13:17:07:382";"Trace";"Set parameter: pid; with value: 954321";"";"Technical";"ADA2D73F31084922979D751312199BD9";"19D3E6C2FFFB421C98A1A39D00FBE4F1"
"05/09/2014, 13:17:07:402";"Trace";"Set parameter: lid; with value: LIDA";"";"Technical";"ADA2D73F31084922979D751312199BD9";"0D87C02374B44ED8942DA39D00FBE4F5"
"05/09/2014, 13:17:07:419";"Trace";"Set parameter: inserted_user_id; with value: SHUTTLE";"";"Technical";"ADA2D73F31084922979D751312199BD9";"E7186D36C31E4CD3AEECA39D00FBE4FA"
"05/09/2014, 13:17:07:436";"Trace";"Set parameter: period; with value: 201402";"";"Technical";"ADA2D73F31084922979D751312199BD9";"CB780C851B8646DF8E85A39D00FBE4FF"
"05/09/2014, 13:17:07:454";"Trace";"Set parameter: inserted_date; with value: 05/09/2014 15:17:07";"";"Technical";"ADA2D73F31084922979D751312199BD9";"6273A8582B3F48C798C6A39D00FBE503"
"05/09/2014, 13:17:07:462";"Trace";"Set parameter: local_file_name; with value: CONSEJEROS-DIRECCIαααN";"";"Technical";"ADA2D73F31084922979D751312199BD9";"F2060A2F76AD48A8A5CDA39D00FBE508"
"05/09/2014, 13:17:07:481";"Trace";"Set parameter: file_type; with value: ";"";"Technical";"ADA2D73F31084922979D751312199BD9";"A8FC30F0E9D04705B097A39D00FBE50D"
"05/09/2014, 13:17:07:499";"Trace";"Resolving parameter: file_name; with value: P_SLP_LIDA_20140201_20140228_00_V2_0000_00000_FILE_NOE_CONSEJEROS-DIRECCIαααN_1.pdf;";"";"Technical";"ADA2D73F31084922979D751312199BD9";"AB079DA6227F4A5596E7A39D00FBE511"
"05/09/2014, 13:17:07:507";"Trace";"Resolving parameter: file_path; with value: \\ind021\Webbyfiles\folders\954321\output\accepted\20140905;";"";"Technical";"ADA2D73F31084922979D751312199BD9";"20206C10E2B641039471A39D00FBE516"
"05/09/2014, 13:17:07:508";"Trace";"Resolving parameter: file_type_id; with value: SLP;";"";"Technical";"ADA2D73F31084922979D751312199BD9";"C97B0CF1F950467E961AA39D00FBE516"
"05/09/2014, 13:17:07:524";"Trace";"Get execution parameter: request_id; Value: ";"";"Technical";"ADA2D73F31084922979D751312199BD9";"5CD398AF4CD942A4B4D1A39D00FBE51B"
"05/09/2014, 13:17:07:530";"Trace";"Get execution parameter: receive_file_path; Value: \\ind021\Webbyfiles\folders\954321\OUTPUT";"";"Technical";"ADA2D73F31084922979D751312199BD9";"63BF44803E09411DB39FA39D00FBE51B"
"05/09/2014, 13:17:07:540";"Trace";"Resolving execution parameter: receive_file_path; with value: \\ind021\Webbyfiles\folders\954321\OUTPUT;";"";"Technical";"ADA2D73F31084922979D751312199BD9";"887A0230D31541A680C6A39D00FBE520"
"05/09/2014, 13:17:07:548";"Trace";"Resolving parameter: att_status; with value: 10;";"";"Technical";"ADA2D73F31084922979D751312199BD9";"7D90D469CBE54240B190A39D00FBE520"
"05/09/2014, 13:17:07:558";"Trace";"Resolving parameter: requested_date; with value: 05/09/2014 15:17:07;";"";"Technical";"ADA2D73F31084922979D751312199BD9";"80D90BDEBC4C4589A66EA39D00FBE524"
"05/09/2014, 13:17:07:566";"Trace";"Resolving parameter: flow_dir; with value: O;";"";"Technical";"ADA2D73F31084922979D751312199BD9";"D4F96DA245E24B409358A39D00FBE524"
"05/09/2014, 13:17:07:575";"Trace";"Get execution parameter: cuid; Value: 017977";"";"Technical";"ADA2D73F31084922979D751312199BD9";"78AB8D353FA84C7BB792A39D00FBE529"
"05/09/2014, 13:17:07:590";"Trace";"Get execution parameter: cuid; Value: 017977";"";"Technical";"ADA2D73F31084922979D751312199BD9";"3AE0DE29FF2043C38591A39D00FBE52E"
"05/09/2014, 13:17:07:605";"Trace";"Resolving execution parameter: cuid; with value: 017977;";"";"Technical";"ADA2D73F31084922979D751312199BD9";"9E799F04F0D0429BA47CA39D00FBE532"
"05/09/2014, 13:17:07:618";"Trace";"Get execution parameter: cid; Value: 010675";"";"Technical";"ADA2D73F31084922979D751312199BD9";"74E03EAA44B14682B2A3A39D00FBE537"
"05/09/2014, 13:17:07:630";"Trace";"Get execution parameter: cid; Value: 010675";"";"Technical";"ADA2D73F31084922979D751312199BD9";"8C8B758482F644CEB891A39D00FBE537"
"05/09/2014, 13:17:07:639";"Trace";"Resolving execution parameter: cid; with value: 010675;";"";"Technical";"ADA2D73F31084922979D751312199BD9";"5B28D704C45F4416BB9CA39D00FBE53C"
"05/09/2014, 13:17:07:648";"Trace";"Resolving parameter: pid; with value: 954321;";"";"Technical";"ADA2D73F31084922979D751312199BD9";"69472A63C8BE4FFD802EA39D00FBE540"
"05/09/2014, 13:17:07:652";"Trace";"Resolving parameter: lid; with value: LIDA;";"";"Technical";"ADA2D73F31084922979D751312199BD9";"24F75C67DBFE43AAA8F6A39D00FBE540"
"05/09/2014, 13:17:07:661";"Trace";"Resolving parameter: period; with value: 201402;";"";"Technical";"ADA2D73F31084922979D751312199BD9";"6BCC63A522E94FAC93C2A39D00FBE540"
"05/09/2014, 13:17:07:672";"Trace";"Resolving parameter: file_path; with value: \\ind021\Webbyfiles\folders\954321\output\accepted\20140905;";"";"Technical";"ADA2D73F31084922979D751312199BD9";"ECB15A8428514EA19D9DA39D00FBE545"
"05/09/2014, 13:17:07:690";"Trace";"Resolving parameter: file_name; with value: P_SLP_LIDA_20140201_20140228_00_V2_0000_00000_FILE_NOE_CONSEJEROS-DIRECCIαααN_1.pdf;";"";"Technical";"ADA2D73F31084922979D751312199BD9";"AA1CF0F95E7D4B878D9DA39D00FBE54A"
"05/09/2014, 13:17:07:703";"Trace";"Resolving parameter: file_type_id; with value: SLP;";"";"Technical";"ADA2D73F31084922979D751312199BD9";"355077CC698D4C599852A39D00FBE54E"
"05/09/2014, 13:17:07:714";"Trace";"Get execution parameter: file_url; Value: ";"";"Technical";"ADA2D73F31084922979D751312199BD9";"14D6904DA0F344D1A26AA39D00FBE553"
"05/09/2014, 13:17:07:725";"Trace";"Get execution parameter: folder_id; Value: ";"";"Technical";"ADA2D73F31084922979D751312199BD9";"C98799DD3A874AC9BE28A39D00FBE558"
"05/09/2014, 13:17:07:743";"Trace";"Resolving parameter: att_status; with value: 10;";"";"Technical";"ADA2D73F31084922979D751312199BD9";"0E31BB92959F46C49681A39D00FBE55C"
"05/09/2014, 13:17:07:753";"Trace";"Get execution parameter: updated_user_id; Value: ";"";"Technical";"ADA2D73F31084922979D751312199BD9";"3355E9330A304E778F6BA39D00FBE55C"
"05/09/2014, 13:17:07:763";"Trace";"Get execution parameter: updated_date; Value: ";"";"Technical";"ADA2D73F31084922979D751312199BD9";"EDAECA4C91FB45D8B821A39D00FBE561"
"05/09/2014, 13:17:07:764";"Trace";"Resolving parameter: inserted_user_id; with value: SHUTTLE;";"";"Technical";"ADA2D73F31084922979D751312199BD9";"A9D2C27FEA7F4645BEEDA39D00FBE561"
"05/09/2014, 13:17:07:781";"Trace";"Resolving parameter: inserted_date; with value: 05/09/2014 15:17:07;";"";"Technical";"ADA2D73F31084922979D751312199BD9";"30834EE0C90643DDBD8BA39D00FBE566"
"05/09/2014, 13:17:07:786";"Trace";"Resolving parameter: transmission_mode; with value: 1;";"";"Technical";"ADA2D73F31084922979D751312199BD9";"E6F5ABA520D64FC394B1A39D00FBE566"
"05/09/2014, 13:17:07:797";"Trace";"Get execution parameter: report_add; Value: ";"";"Technical";"ADA2D73F31084922979D751312199BD9";"1B930765C4334017BC4FA39D00FBE56B"
"05/09/2014, 13:17:07:813";"Trace";"Get execution parameter: t_mode_crs; Value: ";"";"Technical";"ADA2D73F31084922979D751312199BD9";"B4EE77EA9E124DCD84A4A39D00FBE56F"
"05/09/2014, 13:17:07:825";"Trace";"Get execution parameter: status_file; Value: ";"";"Technical";"ADA2D73F31084922979D751312199BD9";"90493EE40B884BA6A998A39D00FBE574"
"05/09/2014, 13:17:07:836";"Trace";"Resolving parameter: file_id; with value: 8F442230CBF3481A8D993D244DA5B3B6;";"";"Technical";"ADA2D73F31084922979D751312199BD9";"A96141D8B5FE4DB2956CA39D00FBE579"
"05/09/2014, 13:17:07:851";"Trace";"Get execution parameter: bpm_user; Value: ";"";"Technical";"ADA2D73F31084922979D751312199BD9";"8400C2CE73C2439D9AD4A39D00FBE57D"
"05/09/2014, 13:17:07:861";"Trace";"Get execution parameter: published_date; Value: ";"";"Technical";"ADA2D73F31084922979D751312199BD9";"6ED052FF4EA94243AB9EA39D00FBE57D"
"05/09/2014, 13:17:07:871";"Trace";"Resolving parameter: local_file_name; with value: CONSEJEROS-DIRECCIαααN;";"";"Technical";"ADA2D73F31084922979D751312199BD9";"2E1F694E82B5438EBD7EA39D00FBE582"
"05/09/2014, 13:17:07:889";"Trace";"Get execution parameter: client_file_name; Value: ";"";"Technical";"ADA2D73F31084922979D751312199BD9";"777F385F66ED45F28482A39D00FBE587"
"05/09/2014, 13:17:07:896";"Trace";"Get execution parameter: attached_date; Value: ";"";"Technical";"ADA2D73F31084922979D751312199BD9";"7A236B35EA1545329CBBA39D00FBE587"
"05/09/2014, 13:17:07:910";"Trace";"Get execution parameter: receive_file_path; Value: \\ind021\Webbyfiles\folders\954321\OUTPUT";"";"Technical";"ADA2D73F31084922979D751312199BD9";"DA66EA5685E540508354A39D00FBE58B"
"05/09/2014, 13:17:07:932";"Trace";"Get execution parameter: receive_file_path; Value: \\ind021\Webbyfiles\folders\954321\OUTPUT";"";"Technical";"ADA2D73F31084922979D751312199BD9";"5C44808899BF4F78833CA39D00FBE595"
"05/09/2014, 13:17:07:943";"Trace";"Resolving execution parameter: receive_file_path; with value: \\ind021\Webbyfiles\folders\954321\OUTPUT;";"";"Technical";"ADA2D73F31084922979D751312199BD9";"197BC2C17DBC401F9FFEA39D00FBE595"
"05/09/2014, 13:17:07:954";"Trace";"Get execution parameter: file_visibility; Value: ";"";"Technical";"ADA2D73F31084922979D751312199BD9";"46CD86F197DC4586A971A39D00FBE599"
"05/09/2014, 13:17:07:962";"Trace";"Resolving parameter: file_sequence; with value: 00;";"";"Technical";"ADA2D73F31084922979D751312199BD9";"8A2A7B7E9558440F990AA39D00FBE59E"
"05/09/2014, 13:17:07:966";"Trace";"Get execution parameter: parent; Value: ";"";"Technical";"ADA2D73F31084922979D751312199BD9";"48F402AC6E014A8EB99AA39D00FBE59E"
"05/09/2014, 13:17:07:977";"Trace";"Get execution parameter: out_srf_file; Value: ";"";"Technical";"ADA2D73F31084922979D751312199BD9";"32E94EB32133487C9D73A39D00FBE5A3"
"05/09/2014, 13:17:08:037";"Trace";"Set execution parameter: request_id; Value: 297921";"";"Technical";"ADA2D73F31084922979D751312199BD9";"098A5FC6E50C4E5997C3A39D00FBE5B6"
"05/09/2014, 13:17:08:044";"Trace";"Resolving parameter: file_id; with value: 8F442230CBF3481A8D993D244DA5B3B6;";"";"Technical";"ADA2D73F31084922979D751312199BD9";"7FC750BE7C744B06A8ACA39D00FBE5B6"
"05/09/2014, 13:17:08:057";"Info";"End step 4 execution successfully";"";"Technical";"ADA2D73F31084922979D751312199BD9";"365118E20FE54F10B5B7A39D00FBE5BA"
"05/09/2014, 13:17:08:076";"Info";">> Begin execution step: 175EC31F81E54CEAB9B9A39D00FBE281; with order: 5";"";"Technical";"ADA2D73F31084922979D751312199BD9";"84BBE41C1F27442D9E46A39D00FBE5BF"
"05/09/2014, 13:17:08:085";"Debug";"Command: A589529B755844598885DF716C6995D1; Name: Manage errors based on active flags";"";"Technical";"ADA2D73F31084922979D751312199BD9";"F8794867186C42C190E5A39D00FBE5C4"
"05/09/2014, 13:17:08:094";"Debug";"Registering parameters for step 175EC31F81E54CEAB9B9A39D00FBE281";"";"Technical";"ADA2D73F31084922979D751312199BD9";"E9240ACDEF00424E87F6A39D00FBE5C4"
"05/09/2014, 13:17:08:095";"Trace";"Set default parameter: pipeline_id; with value: ADA2D73F31084922979D751312199BD9";"";"Technical";"ADA2D73F31084922979D751312199BD9";"B05AD5B36F1642B88BF0A39D00FBE5C4"
"05/09/2014, 13:17:08:096";"Trace";"Set default parameter: tid; with value: 954321";"";"Technical";"ADA2D73F31084922979D751312199BD9";"DA24E822B29E46A89BE0A39D00FBE5C4"
"05/09/2014, 13:17:08:104";"Trace";"Set default parameter: side; with value: Platform";"";"Technical";"ADA2D73F31084922979D751312199BD9";"21DC88693EE746D899ADA39D00FBE5C8"
"05/09/2014, 13:17:08:110";"Trace";"Set default parameter: file_id; with value: 8F442230CBF3481A8D993D244DA5B3B6";"";"Technical";"ADA2D73F31084922979D751312199BD9";"814CF0D1AC1E47BDB906A39D00FBE5C8"
"05/09/2014, 13:17:08:117";"Trace";"Set default parameter: file_path; with value: \\ind021\Webbyfiles\folders\954321\output\accepted\20140905";"";"Technical";"ADA2D73F31084922979D751312199BD9";"91122574BF634D87960FA39D00FBE5CD"
"05/09/2014, 13:17:08:126";"Trace";"Set default parameter: file_name; with value: P_SLP_LIDA_20140201_20140228_00_V2_0000_00000_FILE_NOE_CONSEJEROS-DIRECCIαααN_1.pdf";"";"Technical";"ADA2D73F31084922979D751312199BD9";"5D4248891236424ABC91A39D00FBE5CD"
"05/09/2014, 13:17:08:139";"Trace";"Set default parameter: file_type_id; with value: SLP";"";"Technical";"ADA2D73F31084922979D751312199BD9";"2D9D10C4F5C54251A51CA39D00FBE5D2"
"05/09/2014, 13:17:08:144";"Trace";"Set default parameter: container_type_id; with value: FILE";"";"Technical";"ADA2D73F31084922979D751312199BD9";"CD81909C18F9483D842AA39D00FBE5D2"
"05/09/2014, 13:17:08:152";"Trace";"Set default parameter: transmission_mode; with value: 1";"";"Technical";"ADA2D73F31084922979D751312199BD9";"7AD7EBCD726B45A49FFEA39D00FBE5D6"
"05/09/2014, 13:17:08:163";"Trace";"Resolving parameter: file_name; with value: P_SLP_LIDA_20140201_20140228_00_V2_0000_00000_FILE_NOE_CONSEJEROS-DIRECCIαααN_1.pdf;";"";"Technical";"ADA2D73F31084922979D751312199BD9";"711C4E9B97DA4E229251A39D00FBE5DB"
"05/09/2014, 13:17:08:164";"Trace";"Resolving parameter: file_path; with value: \\ind021\Webbyfiles\folders\954321\output\accepted\20140905;";"";"Technical";"ADA2D73F31084922979D751312199BD9";"D2640964C9FC434B8A78A39D00FBE5DB"
"05/09/2014, 13:17:08:178";"Trace";"Resolving parameter: file_type_id; with value: SLP;";"";"Technical";"ADA2D73F31084922979D751312199BD9";"4CF98B8389B44167B5C1A39D00FBE5E0"
"05/09/2014, 13:17:08:206";"Trace";"Resolving parameter: reports_folder; with value: \\ind021\Reports;";"";"Technical";"ADA2D73F31084922979D751312199BD9";"F3A43691C30E4FF99F84A39D00FBE5E4"
"05/09/2014, 13:17:08:232";"Trace";"Get execution parameter: naming_convention_error; Value: ";"";"Technical";"ADA2D73F31084922979D751312199BD9";"7E4DD30058A94F6B9474A39D00FBE5EE"
"05/09/2014, 13:17:08:255";"Trace";"Get execution parameter: stop_on_manage_errors; Value: ";"";"Technical";"ADA2D73F31084922979D751312199BD9";"46D4424958084C10B399A39D00FBE5F2"
"05/09/2014, 13:17:08:277";"Trace";"Get execution parameter: bpm_web_service_error; Value: ";"";"Technical";"ADA2D73F31084922979D751312199BD9";"C70925E851C54C228F60A39D00FBE5FC"
"05/09/2014, 13:17:08:286";"Info";"End step 5 execution successfully";"";"Technical";"ADA2D73F31084922979D751312199BD9";"5F0173076CB84100B284A39D00FBE5FC"
"05/09/2014, 13:17:08:303";"Info";">> Begin execution step: 651DC97F3AFE4DFD8EC3A39D00FBE281; with order: 6";"";"Technical";"ADA2D73F31084922979D751312199BD9";"832203DF5C874B6D8DC8A39D00FBE605"
"05/09/2014, 13:17:08:304";"Debug";"Command: 2AFCE3F666FE461EA80FBF8E4010E2FC; Name: Perform a BPM web service call";"";"Technical";"ADA2D73F31084922979D751312199BD9";"C21FE3A674C546F99547A39D00FBE605"
"05/09/2014, 13:17:08:315";"Debug";"Registering parameters for step 651DC97F3AFE4DFD8EC3A39D00FBE281";"";"Technical";"ADA2D73F31084922979D751312199BD9";"9960943675B34E5DA61FA39D00FBE605"
"05/09/2014, 13:17:08:328";"Trace";"Set default parameter: pipeline_id; with value: ADA2D73F31084922979D751312199BD9";"";"Technical";"ADA2D73F31084922979D751312199BD9";"BF0D836DA2194E6B9578A39D00FBE60A"
"05/09/2014, 13:17:08:334";"Trace";"Set default parameter: tid; with value: 954321";"";"Technical";"ADA2D73F31084922979D751312199BD9";"1F5CA5F82A0F45F89B7BA39D00FBE60F"
"05/09/2014, 13:17:08:350";"Trace";"Set default parameter: side; with value: Platform";"";"Technical";"ADA2D73F31084922979D751312199BD9";"CB03D94D6ACD479AA9B0A39D00FBE613"
"05/09/2014, 13:17:08:367";"Trace";"Set default parameter: file_id; with value: 8F442230CBF3481A8D993D244DA5B3B6";"";"Technical";"ADA2D73F31084922979D751312199BD9";"564E8075740541889424A39D00FBE618"
"05/09/2014, 13:17:08:376";"Trace";"Set default parameter: file_path; with value: \\ind021\Webbyfiles\folders\954321\output\accepted\20140905";"";"Technical";"ADA2D73F31084922979D751312199BD9";"9DF3F1131D2242718DF0A39D00FBE618"
"05/09/2014, 13:17:08:392";"Trace";"Set default parameter: file_name; with value: P_SLP_LIDA_20140201_20140228_00_V2_0000_00000_FILE_NOE_CONSEJEROS-DIRECCIαααN_1.pdf";"";"Technical";"ADA2D73F31084922979D751312199BD9";"5271F7B1900042CA8C73A39D00FBE61D"
"05/09/2014, 13:17:08:402";"Trace";"Set default parameter: file_type_id; with value: SLP";"";"Technical";"ADA2D73F31084922979D751312199BD9";"77888C12EF4A4742AACDA39D00FBE621"
"05/09/2014, 13:17:08:413";"Trace";"Set default parameter: container_type_id; with value: FILE";"";"Technical";"ADA2D73F31084922979D751312199BD9";"6993E4DBE75C477FAD07A39D00FBE626"
"05/09/2014, 13:17:08:422";"Trace";"Set default parameter: transmission_mode; with value: 1";"";"Technical";"ADA2D73F31084922979D751312199BD9";"FE66D101D98B46E482E7A39D00FBE626"
"05/09/2014, 13:17:08:452";"Trace";"Resolving parameter: bpm_ws_address; with value: http://ind020/stream2.0/201011/ShuttleDashboard.svc/File/{0}/Register;";"";"Technical";"ADA2D73F31084922979D751312199BD9";"4095E4E024794C42A885A39D00FBE62F"
"05/09/2014, 13:17:08:490";"Trace";"Set parameter: bpm_ws_address; with value: http://ind020/stream2.0/201011/ShuttleDashboard.svc/File/{0}/Register";"";"Technical";"ADA2D73F31084922979D751312199BD9";"446DED4C2BDD4B1C8C5FA39D00FBE63D"
"05/09/2014, 13:17:08:515";"Trace";"Resolving parameter: bpm_ws_time_out; with value: 880000;";"";"Technical";"ADA2D73F31084922979D751312199BD9";"DCBA068059094E40BEC4A39D00FBE642"
"05/09/2014, 13:17:08:526";"Trace";"Set parameter: bpm_ws_time_out; with value: 880000";"";"Technical";"ADA2D73F31084922979D751312199BD9";"CF3BADAEDBDA40EDB82DA39D00FBE647"
"05/09/2014, 13:17:08:555";"Trace";"Resolving parameter: bpm_ws_method; with value: POST;";"";"Technical";"ADA2D73F31084922979D751312199BD9";"FF603A71C7744CFB931BA39D00FBE650"
"05/09/2014, 13:17:08:566";"Trace";"Set parameter: bpm_ws_method; with value: POST";"";"Technical";"ADA2D73F31084922979D751312199BD9";"3227C7ABC8C541EC9864A39D00FBE650"
"05/09/2014, 13:17:08:577";"Trace";"Set parameter: bpm_ws_type; with value: 4";"";"Technical";"ADA2D73F31084922979D751312199BD9";"B846FCB247F449638B86A39D00FBE655"
"05/09/2014, 13:17:08:584";"Trace";"Resolving parameter: file_name; with value: P_SLP_LIDA_20140201_20140228_00_V2_0000_00000_FILE_NOE_CONSEJEROS-DIRECCIαααN_1.pdf;";"";"Technical";"ADA2D73F31084922979D751312199BD9";"E4AA0C9AC58B4C98BEDFA39D00FBE65A"
"05/09/2014, 13:17:08:592";"Trace";"Resolving parameter: file_path; with value: \\ind021\Webbyfiles\folders\954321\output\accepted\20140905;";"";"Technical";"ADA2D73F31084922979D751312199BD9";"C78DC86D23CE49C0B774A39D00FBE65A"
"05/09/2014, 13:17:08:601";"Trace";"Resolving parameter: file_type_id; with value: SLP;";"";"Technical";"ADA2D73F31084922979D751312199BD9";"09DCF14F2DA94658B43AA39D00FBE65E"
"05/09/2014, 13:17:08:610";"Trace";"Get execution parameter: cid; Value: 010675";"";"Technical";"ADA2D73F31084922979D751312199BD9";"478B1F918DBD48C085B7A39D00FBE65E"
"05/09/2014, 13:17:08:616";"Trace";"Resolving execution parameter: cid; with value: 010675;";"";"Technical";"ADA2D73F31084922979D751312199BD9";"A021CA25C6544215AC0DA39D00FBE663"
"05/09/2014, 13:17:08:626";"Trace";"Resolving parameter: bpm_ws_address; with value: http://ind020/stream2.0/201011/ShuttleDashboard.svc/File/{0}/Register;";"";"Technical";"ADA2D73F31084922979D751312199BD9";"D5DD98E1C46E4846850DA39D00FBE663"
"05/09/2014, 13:17:08:634";"Trace";"Resolving parameter: file_id; with value: 8F442230CBF3481A8D993D244DA5B3B6;";"";"Technical";"ADA2D73F31084922979D751312199BD9";"8165DC8E4E8344FDB842A39D00FBE668"
"05/09/2014, 13:17:08:642";"Trace";"Resolving parameter: bpm_ws_method; with value: POST;";"";"Technical";"ADA2D73F31084922979D751312199BD9";"06FE1F74D2434AF39112A39D00FBE668"
"05/09/2014, 13:17:08:932";"Trace";"HttpWebResponse";"Status code: 200 OK
Content-Length: 515
Cache-Control: private
Content-Type: application/xml; charset=utf-8
Date: Fri, 05 Sep 2014 13:17:08 GMT
Server: Microsoft-IIS/7.5
X-AspNet-Version: 2.0.50727

<ShuttleFile xmlns:i=""http://www.w3.org/2001/XMLSchema-instance""><Barcode>CONSEJEROS-DIRECCIαααN</Barcode><CID>010675</CID><CUID>017977</CUID><ErrorStatus>FileCorrect</ErrorStatus><FileType i:nil=""true"" xmlns:a=""http://schemas.datacontract.org/2004/07/ADP.ShuttleDashboard.Domain""/><Id>8F442230CBF3481A8D993D244DA5B3B6</Id><IsTestMode>P</IsTestMode><LID>LIDA</LID><PID>954321</PID><Period>201402</Period><Published i:nil=""true""/><Requested>2014-09-05T15:17:07</Requested><Status>NotTreated</Status></ShuttleFile>
";"Technical";"ADA2D73F31084922979D751312199BD9";"70DFE08116754F708E38A39D00FBE6C1"
"05/09/2014, 13:17:08:961";"Trace";"Set execution parameter: out_http_web_response; Value: OK";"";"Technical";"ADA2D73F31084922979D751312199BD9";"2C530CE2B13F4222ADB0A39D00FBE6CA"
"05/09/2014, 13:17:08:983";"Trace";"Set execution parameter: UHRA_CREATIONDATE; Value: 05/09/2014 15:17:08";"";"Technical";"ADA2D73F31084922979D751312199BD9";"E6BA726801234D358759A39D00FBE6CF"
"05/09/2014, 13:17:09:010";"Trace";"Set execution parameter: UHRA_CLIENTNAME; Value: Test linees";"";"Technical";"ADA2D73F31084922979D751312199BD9";"C400F5526FF645D787B3A39D00FBE6D8"
"05/09/2014, 13:17:09:017";"Trace";"Resolving parameter: side; with value: Platform;";"";"Technical";"ADA2D73F31084922979D751312199BD9";"3D58351451D34EB8BF62A39D00FBE6D8"
"05/09/2014, 13:17:09:025";"Trace";"Resolving parameter: tid; with value: 954321;";"";"Technical";"ADA2D73F31084922979D751312199BD9";"02FFAC68620644E490A8A39D00FBE6DD"
"05/09/2014, 13:17:09:077";"Trace";"Get execution parameter: UHRA_COMPLETENAME; Value: ";"";"Technical";"ADA2D73F31084922979D751312199BD9";"E0A65EAC68CF4BB1A23CA39D00FBE6EB"
"05/09/2014, 13:17:09:095";"Trace";"Resolving parameter: file_name; with value: P_SLP_LIDA_20140201_20140228_00_V2_0000_00000_FILE_NOE_CONSEJEROS-DIRECCIαααN_1.pdf;";"";"Technical";"ADA2D73F31084922979D751312199BD9";"465F2A5ECA944484AAACA39D00FBE6F0"
"05/09/2014, 13:17:09:109";"Trace";"Resolving parameter: file_name; with value: P_SLP_LIDA_20140201_20140228_00_V2_0000_00000_FILE_NOE_CONSEJEROS-DIRECCIαααN_1.pdf;";"";"Technical";"ADA2D73F31084922979D751312199BD9";"1E40E8F9AEB64420A551A39D00FBE6F4"
"05/09/2014, 13:17:09:122";"Trace";"Get execution parameter: UHRA_LOCALFILENAME; Value: ";"";"Technical";"ADA2D73F31084922979D751312199BD9";"CA22E138D60E424A8D08A39D00FBE6F9"
"05/09/2014, 13:17:09:136";"Trace";"Get execution parameter: cfnc_local_name; Value: ";"";"Technical";"ADA2D73F31084922979D751312199BD9";"348B733B6FBD4D579F26A39D00FBE6FE"
"05/09/2014, 13:17:09:148";"Trace";"Get execution parameter: UHRA_ENTITYNAME; Value: ";"";"Technical";"ADA2D73F31084922979D751312199BD9";"F76F864096BD4DF78FF0A39D00FBE702"
"05/09/2014, 13:17:09:166";"Trace";"Get execution parameter: UHRA_PARTNERNAME; Value: ";"";"Technical";"ADA2D73F31084922979D751312199BD9";"56AD54F014764880B347A39D00FBE707"
"05/09/2014, 13:17:09:178";"Trace";"Get execution parameter: UHRA_COUNTRYNAME; Value: ";"";"Technical";"ADA2D73F31084922979D751312199BD9";"E07B640E699D41D69820A39D00FBE70C"
"05/09/2014, 13:17:09:190";"Trace";"Get execution parameter: UHRA_CID; Value: ";"";"Technical";"ADA2D73F31084922979D751312199BD9";"35FCEB13881545529853A39D00FBE70C"
"05/09/2014, 13:17:09:195";"Trace";"Resolving parameter: tid; with value: 954321;";"";"Technical";"ADA2D73F31084922979D751312199BD9";"EB8DDAAF1F4C4C1896B1A39D00FBE710"
"05/09/2014, 13:17:09:199";"Trace";"Resolving parameter: tid; with value: 954321;";"";"Technical";"ADA2D73F31084922979D751312199BD9";"FF81C39E2672478A8A3BA39D00FBE710"
"05/09/2014, 13:17:09:203";"Trace";"Get execution parameter: UHRA_CUID; Value: ";"";"Technical";"ADA2D73F31084922979D751312199BD9";"FD40085A411D4688A0ABA39D00FBE710"
"05/09/2014, 13:17:09:217";"Trace";"Get execution parameter: cfnc_cuid; Value: ";"";"Technical";"ADA2D73F31084922979D751312199BD9";"92643B7993C74D22BCC5A39D00FBE715"
"05/09/2014, 13:17:09:228";"Trace";"Get execution parameter: UHRA_PID; Value: ";"";"Technical";"ADA2D73F31084922979D751312199BD9";"8FF08485818D4A9F8780A39D00FBE71A"
"05/09/2014, 13:17:09:238";"Trace";"Get execution parameter: cfnc_pid; Value: ";"";"Technical";"ADA2D73F31084922979D751312199BD9";"429A06BE1F84400CBFE2A39D00FBE71A"
"05/09/2014, 13:17:09:248";"Trace";"Get execution parameter: UHRA_LID; Value: ";"";"Technical";"ADA2D73F31084922979D751312199BD9";"DAD3A70BA7F84583BC81A39D00FBE71E"
"05/09/2014, 13:17:09:252";"Trace";"Get execution parameter: cfnc_lid; Value: ";"";"Technical";"ADA2D73F31084922979D751312199BD9";"46C3D15E7EA6454D9632A39D00FBE71E"
"05/09/2014, 13:17:09:277";"Trace";"Get execution parameter: UHRA_COUNTRYID; Value: ";"";"Technical";"ADA2D73F31084922979D751312199BD9";"7E816899AC9B4EA4A648A39D00FBE728"
"05/09/2014, 13:17:09:281";"Trace";"Get execution parameter: UHRA_PAYGROUP; Value: ";"";"Technical";"ADA2D73F31084922979D751312199BD9";"0C4DEBDE392D487C980AA39D00FBE728"
"05/09/2014, 13:17:09:293";"Trace";"Get execution parameter: cfnc_paygroup; Value: ";"";"Technical";"ADA2D73F31084922979D751312199BD9";"4393946FA76747BE95DBA39D00FBE72D"
"05/09/2014, 13:17:09:299";"Debug";"Calling send alert for generator Adp.Streamline.ProductionLine.Domain.LINKToBPMCommandEvent for 1 event(s) and 10 parameter(s)";"";"Technical";"ADA2D73F31084922979D751312199BD9";"A5C3C7D706214B3F8666A39D00FBE72D"
"05/09/2014, 13:17:09:332";"Info";"Alert parameter with ID GUID_FILE added for file 8F442230CBF3481A8D993D244DA5B3B6.";"";"Technical";"ADA2D73F31084922979D751312199BD9";"0EAC14F8F0664B8B823EA39D00FBE736"
"05/09/2014, 13:17:09:360";"Info";"Alert parameter with ID FILE_TYPE added for file 8F442230CBF3481A8D993D244DA5B3B6.";"";"Technical";"ADA2D73F31084922979D751312199BD9";"A0507C92A32B4492A90AA39D00FBE73F"
"05/09/2014, 13:17:09:389";"Info";"Alert parameter with ID FILE_SIZE added for file 8F442230CBF3481A8D993D244DA5B3B6.";"";"Technical";"ADA2D73F31084922979D751312199BD9";"052E73CF0199492D85F7A39D00FBE749"
"05/09/2014, 13:17:09:414";"Info";"Alert parameter with ID FILE_RECEIVED_DATE added for file 8F442230CBF3481A8D993D244DA5B3B6.";"";"Technical";"ADA2D73F31084922979D751312199BD9";"4A438046F880498FA0EEA39D00FBE752"
"05/09/2014, 13:17:09:436";"Info";"Alert parameter with ID UHRA_CREATIONDATE added for file 8F442230CBF3481A8D993D244DA5B3B6.";"";"Technical";"ADA2D73F31084922979D751312199BD9";"9BB5225D7F6343A79C1DA39D00FBE757"
"05/09/2014, 13:17:09:455";"Info";"Alert parameter with ID UHRA_COMPLETENAME added for file 8F442230CBF3481A8D993D244DA5B3B6.";"";"Technical";"ADA2D73F31084922979D751312199BD9";"3B64E5808CBE4F708D29A39D00FBE75B"
"05/09/2014, 13:17:09:477";"Info";"Alert parameter with ID UHRA_LOCALFILENAME added for file 8F442230CBF3481A8D993D244DA5B3B6.";"";"Technical";"ADA2D73F31084922979D751312199BD9";"DE9D06C310AA4D059677A39D00FBE765"
"05/09/2014, 13:17:09:500";"Info";"Alert parameter with ID UHRA_CLIENTNAME added for file 8F442230CBF3481A8D993D244DA5B3B6.";"";"Technical";"ADA2D73F31084922979D751312199BD9";"F05214DC27064EF8AC8BA39D00FBE769"
"05/09/2014, 13:17:09:527";"Info";"Alert parameter with ID UHRA_CID added for file 8F442230CBF3481A8D993D244DA5B3B6.";"";"Technical";"ADA2D73F31084922979D751312199BD9";"D8F811F2B17247769499A39D00FBE773"
"05/09/2014, 13:17:09:584";"Info";"Alert parameter with ID UHRA_CUID added for file 8F442230CBF3481A8D993D244DA5B3B6.";"";"Technical";"ADA2D73F31084922979D751312199BD9";"C24E28A22E7F42EDAF6EA39D00FBE786"
"05/09/2014, 13:17:09:590";"Debug";"Send alert for event 519 side Platform";"";"Technical";"ADA2D73F31084922979D751312199BD9";"4CD9BA661A914DD7B239A39D00FBE786"
"05/09/2014, 13:17:09:613";"Info";"Alert parameter with ID UHRA_PID added for file 8F442230CBF3481A8D993D244DA5B3B6.";"";"Technical";"ADA2D73F31084922979D751312199BD9";"29626F5065CA41CFBD06A39D00FBE78A"
"05/09/2014, 13:17:09:630";"Info";"Alert parameter with ID UHRA_LOCALFILENAME updated for file 8F442230CBF3481A8D993D244DA5B3B6.";"";"Technical";"ADA2D73F31084922979D751312199BD9";"047041EB2D6E4A33B7A4A39D00FBE794"
"05/09/2014, 13:17:09:655";"Info";"End step 6 execution successfully";"";"Technical";"ADA2D73F31084922979D751312199BD9";"5FC2B3A141974951A4A8A39D00FBE798"
"05/09/2014, 13:17:09:666";"Info";">> Begin execution step: 60CC1900E5844EA7AE76A39D00FBE281; with order: 7";"";"Technical";"ADA2D73F31084922979D751312199BD9";"5DF78C52CC054EF4B961A39D00FBE79D"
"05/09/2014, 13:17:09:675";"Debug";"Command: DAA534A05C3247BA910B639915F2E4C6; Name: Perform a file copy in IFX folder";"";"Technical";"ADA2D73F31084922979D751312199BD9";"2125D91F1AE04D50A9DFA39D00FBE79D"
"05/09/2014, 13:17:09:679";"Debug";"Registering parameters for step 60CC1900E5844EA7AE76A39D00FBE281";"";"Technical";"ADA2D73F31084922979D751312199BD9";"F6FC841F16BE4FC68324A39D00FBE7A2"
"05/09/2014, 13:17:09:695";"Trace";"Set default parameter: pipeline_id; with value: ADA2D73F31084922979D751312199BD9";"";"Technical";"ADA2D73F31084922979D751312199BD9";"6A16AA2608E645C78EF5A39D00FBE7A6"
"05/09/2014, 13:17:09:696";"Trace";"Set default parameter: tid; with value: 954321";"";"Technical";"ADA2D73F31084922979D751312199BD9";"F6BF0872933349FC92EAA39D00FBE7A6"
"05/09/2014, 13:17:09:704";"Trace";"Set default parameter: side; with value: Platform";"";"Technical";"ADA2D73F31084922979D751312199BD9";"20B636DAFC7243F6BDB8A39D00FBE7A6"
"05/09/2014, 13:17:09:714";"Trace";"Set default parameter: file_id; with value: 8F442230CBF3481A8D993D244DA5B3B6";"";"Technical";"ADA2D73F31084922979D751312199BD9";"A57C71E3D86B4FCA9C62A39D00FBE7AB"
"05/09/2014, 13:17:09:720";"Trace";"Set default parameter: file_path; with value: \\ind021\Webbyfiles\folders\954321\output\accepted\20140905";"";"Technical";"ADA2D73F31084922979D751312199BD9";"564B942F5F824D639F77A39D00FBE7AB"
"05/09/2014, 13:17:09:732";"Trace";"Set default parameter: file_name; with value: P_SLP_LIDA_20140201_20140228_00_V2_0000_00000_FILE_NOE_CONSEJEROS-DIRECCIαααN_1.pdf";"";"Technical";"ADA2D73F31084922979D751312199BD9";"BB58B0D5BD894D16AB28A39D00FBE7B0"
"05/09/2014, 13:17:09:745";"Trace";"Set default parameter: file_type_id; with value: SLP";"";"Technical";"ADA2D73F31084922979D751312199BD9";"44E608ED361F44B2BFB2A39D00FBE7B4"
"05/09/2014, 13:17:09:759";"Trace";"Set default parameter: container_type_id; with value: FILE";"";"Technical";"ADA2D73F31084922979D751312199BD9";"693B9552357E40CBB7D1A39D00FBE7B9"
"05/09/2014, 13:17:09:761";"Trace";"Set default parameter: transmission_mode; with value: 1";"";"Technical";"ADA2D73F31084922979D751312199BD9";"3405A4CCACC646238DF5A39D00FBE7B9"
"05/09/2014, 13:17:09:786";"Trace";"Resolving parameter: file_name; with value: P_SLP_LIDA_20140201_20140228_00_V2_0000_00000_FILE_NOE_CONSEJEROS-DIRECCIαααN_1.pdf;";"";"Technical";"ADA2D73F31084922979D751312199BD9";"C935803AEA514AD883B3A39D00FBE7BE"
"05/09/2014, 13:17:09:796";"Trace";"Resolving parameter: file_path; with value: \\ind021\Webbyfiles\folders\954321\output\accepted\20140905;";"";"Technical";"ADA2D73F31084922979D751312199BD9";"BF67A6BBA93D4B18B2E1A39D00FBE7C3"
"05/09/2014, 13:17:09:806";"Trace";"Resolving parameter: file_type_id; with value: SLP;";"";"Technical";"ADA2D73F31084922979D751312199BD9";"6AC423A73A4747A89964A39D00FBE7C7"
"05/09/2014, 13:17:09:818";"Trace";"Get execution parameter: cuid; Value: 017977";"";"Technical";"ADA2D73F31084922979D751312199BD9";"8565DA8FC8764FCEB7E1A39D00FBE7CC"
"05/09/2014, 13:17:09:840";"Trace";"Get execution parameter: cuid; Value: 017977";"";"Technical";"ADA2D73F31084922979D751312199BD9";"FEC5C68428F74D70853CA39D00FBE7D1"
"05/09/2014, 13:17:09:842";"Trace";"Resolving execution parameter: cuid; with value: 017977;";"";"Technical";"ADA2D73F31084922979D751312199BD9";"ABC81D1566214D939643A39D00FBE7D1"
"05/09/2014, 13:17:09:851";"Trace";"Resolving parameter: file_type_id; with value: SLP;";"";"Technical";"ADA2D73F31084922979D751312199BD9";"510F089B8C9245A9AF37A39D00FBE7D5"
"05/09/2014, 13:17:09:865";"Info";"CUID is '017977' and FileType is 'SLP'";"";"Technical";"ADA2D73F31084922979D751312199BD9";"9019E5BEF4E44A6CAEA3A39D00FBE7DA"
"05/09/2014, 13:17:09:876";"Trace";"Get execution parameter: cuid; Value: 017977";"";"Technical";"ADA2D73F31084922979D751312199BD9";"C33C0FF6018D48AA9101A39D00FBE7DA"
"05/09/2014, 13:17:09:880";"Trace";"Resolving execution parameter: cuid; with value: 017977;";"";"Technical";"ADA2D73F31084922979D751312199BD9";"4439AA86936D47D0A848A39D00FBE7DF"
"05/09/2014, 13:17:09:888";"Trace";"Resolving parameter: file_type_id; with value: SLP;";"";"Technical";"ADA2D73F31084922979D751312199BD9";"F5134942434D4F848199A39D00FBE7DF"
"05/09/2014, 13:17:09:899";"Trace";"Resolving parameter: file_name; with value: P_SLP_LIDA_20140201_20140228_00_V2_0000_00000_FILE_NOE_CONSEJEROS-DIRECCIαααN_1.pdf;";"";"Technical";"ADA2D73F31084922979D751312199BD9";"C40E624CCB004BEC8AB8A39D00FBE7E3"
"05/09/2014, 13:17:09:911";"Trace";"Resolving parameter: file_path; with value: \\ind021\Webbyfiles\folders\954321\output\accepted\20140905;";"";"Technical";"ADA2D73F31084922979D751312199BD9";"81F7DCFAF36048EB8B48A39D00FBE7E3"
"05/09/2014, 13:17:09:919";"Info";"The entity with file name: P_SLP_LIDA_20140201_20140228_00_V2_0000_00000_FILE_NOE_CONSEJEROS-DIRECCIαααN_1.pdf; comes from: \\ind021\Webbyfiles\folders\954321\output\accepted\20140905; goes to: ; with type of destination: 1;";"";"Technical";"ADA2D73F31084922979D751312199BD9";"A87909F780574A60BB7DA39D00FBE7E8"
"05/09/2014, 13:17:09:930";"Trace";"Resolving parameter: file_name; with value: P_SLP_LIDA_20140201_20140228_00_V2_0000_00000_FILE_NOE_CONSEJEROS-DIRECCIαααN_1.pdf;";"";"Technical";"ADA2D73F31084922979D751312199BD9";"C5C0B38B276D4820A559A39D00FBE7ED"
"05/09/2014, 13:17:09:931";"Trace";"Resolving parameter: file_path; with value: \\ind021\Webbyfiles\folders\954321\output\accepted\20140905;";"";"Technical";"ADA2D73F31084922979D751312199BD9";"A000EFA3A23E4A6FB97BA39D00FBE7ED"
"05/09/2014, 13:17:09:941";"Trace";"Resolving parameter: file_name; with value: P_SLP_LIDA_20140201_20140228_00_V2_0000_00000_FILE_NOE_CONSEJEROS-DIRECCIαααN_1.pdf;";"";"Technical";"ADA2D73F31084922979D751312199BD9";"97B499B44B2F4D22ACE7A39D00FBE7ED"
"05/09/2014, 13:17:09:950";"Info";"Unable to copy file: P_SLP_LIDA_20140201_20140228_00_V2_0000_00000_FILE_NOE_CONSEJEROS-DIRECCIαααN_1.pdf; from: \\ind021\Webbyfiles\folders\954321\output\accepted\20140905; to: ;";"";"Technical";"ADA2D73F31084922979D751312199BD9";"20B39CCC202A4F87A762A39D00FBE7F1"
"05/09/2014, 13:17:09:958";"Warning";"End step 7 execution with errors...";"";"Technical";"ADA2D73F31084922979D751312199BD9";"4869FA7ACD904F498F0BA39D00FBE7F6"
"05/09/2014, 13:17:09:977";"Debug";"Begin rollback pipeline: ADA2D73F31084922979D751312199BD9; from step 7";"";"Technical";"ADA2D73F31084922979D751312199BD9";"9431718950E5433CA652A39D00FBE7FB"
"05/09/2014, 13:17:09:986";"Info";"<< Begin rollback step: 60CC1900E5844EA7AE76A39D00FBE281; Order: 7";"";"Technical";"ADA2D73F31084922979D751312199BD9";"01E2202D30444E4E9A68A39D00FBE7FB"
"05/09/2014, 13:17:09:990";"Debug";"Command: DAA534A05C3247BA910B639915F2E4C6; Name: Perform a file copy in IFX folder";"";"Technical";"ADA2D73F31084922979D751312199BD9";"6B0BEB5142AF4E839F44A39D00FBE7FF"
"05/09/2014, 13:17:09:997";"Debug";"Registering parameters for step 60CC1900E5844EA7AE76A39D00FBE281";"";"Technical";"ADA2D73F31084922979D751312199BD9";"0E6F79E2CAA648AFA9FDA39D00FBE7FF"
"05/09/2014, 13:17:10:006";"Trace";"Set default parameter: pipeline_id; with value: ADA2D73F31084922979D751312199BD9";"";"Technical";"ADA2D73F31084922979D751312199BD9";"9EDF4898F26841BD83A7A39D00FBE804"
"05/09/2014, 13:17:10:014";"Trace";"Set default parameter: tid; with value: 954321";"";"Technical";"ADA2D73F31084922979D751312199BD9";"17249888950D41319971A39D00FBE804"
"05/09/2014, 13:17:10:016";"Trace";"Set default parameter: side; with value: Platform";"";"Technical";"ADA2D73F31084922979D751312199BD9";"6BF4060A3F3F429E8EBBA39D00FBE804"
"05/09/2014, 13:17:10:017";"Trace";"Set default parameter: file_id; with value: 8F442230CBF3481A8D993D244DA5B3B6";"";"Technical";"ADA2D73F31084922979D751312199BD9";"34B59684B3AF4BFB85D2A39D00FBE804"
"05/09/2014, 13:17:10:023";"Trace";"Set default parameter: file_path; with value: \\ind021\Webbyfiles\folders\954321\output\accepted\20140905";"";"Technical";"ADA2D73F31084922979D751312199BD9";"F099707E046048408F43A39D00FBE809"
"05/09/2014, 13:17:10:033";"Trace";"Set default parameter: file_name; with value: P_SLP_LIDA_20140201_20140228_00_V2_0000_00000_FILE_NOE_CONSEJEROS-DIRECCIαααN_1.pdf";"";"Technical";"ADA2D73F31084922979D751312199BD9";"294FB301CA0247C0AE2CA39D00FBE809"
"05/09/2014, 13:17:10:045";"Trace";"Set default parameter: file_type_id; with value: SLP";"";"Technical";"ADA2D73F31084922979D751312199BD9";"5B550E487D13402B814CA39D00FBE80D"
"05/09/2014, 13:17:10:054";"Trace";"Set default parameter: container_type_id; with value: FILE";"";"Technical";"ADA2D73F31084922979D751312199BD9";"D95D3651641C4871A4B3A39D00FBE812"
"05/09/2014, 13:17:10:064";"Trace";"Set default parameter: transmission_mode; with value: 1";"";"Technical";"ADA2D73F31084922979D751312199BD9";"E68CC752B57A4F53AAACA39D00FBE812"
"05/09/2014, 13:17:10:093";"Trace";"Resolving parameter: file_name; with value: P_SLP_LIDA_20140201_20140228_00_V2_0000_00000_FILE_NOE_CONSEJEROS-DIRECCIαααN_1.pdf;";"";"Technical";"ADA2D73F31084922979D751312199BD9";"198899253FF1497FBE61A39D00FBE81C"
"05/09/2014, 13:17:10:100";"Trace";"Resolving parameter: file_path; with value: \\ind021\Webbyfiles\folders\954321\output\accepted\20140905;";"";"Technical";"ADA2D73F31084922979D751312199BD9";"D06C786FF6784989A574A39D00FBE820"
"05/09/2014, 13:17:10:101";"Trace";"Resolving parameter: file_type_id; with value: SLP;";"";"Technical";"ADA2D73F31084922979D751312199BD9";"124C44132F064C17969DA39D00FBE820"
"05/09/2014, 13:17:10:112";"Warning";"";"";"Technical";"ADA2D73F31084922979D751312199BD9";"240CFA606E8E4561B78EA39D00FBE820"
"05/09/2014, 13:17:10:127";"Info";"End rollback with status: True";"";"Technical";"ADA2D73F31084922979D751312199BD9";"D7B284559CA3483CB41AA39D00FBE825"
"05/09/2014, 13:17:10:140";"Info";"<< Begin rollback step: 651DC97F3AFE4DFD8EC3A39D00FBE281; Order: 6";"";"Technical";"ADA2D73F31084922979D751312199BD9";"AB196B8FEFE64899BE45A39D00FBE82A"
"05/09/2014, 13:17:10:151";"Debug";"Command: 2AFCE3F666FE461EA80FBF8E4010E2FC; Name: Perform a BPM web service call";"";"Technical";"ADA2D73F31084922979D751312199BD9";"59BF382FCBBB4E5DA918A39D00FBE82E"
"05/09/2014, 13:17:10:161";"Debug";"Registering parameters for step 651DC97F3AFE4DFD8EC3A39D00FBE281";"";"Technical";"ADA2D73F31084922979D751312199BD9";"34A7A9368EF24B9290D9A39D00FBE82E"
"05/09/2014, 13:17:10:170";"Trace";"Set default parameter: pipeline_id; with value: ADA2D73F31084922979D751312199BD9";"";"Technical";"ADA2D73F31084922979D751312199BD9";"F81BBD50D5004AD4B502A39D00FBE833"
"05/09/2014, 13:17:10:180";"Trace";"Set default parameter: tid; with value: 954321";"";"Technical";"ADA2D73F31084922979D751312199BD9";"8DB363C8889840929D30A39D00FBE838"
"05/09/2014, 13:17:10:195";"Trace";"Set default parameter: side; with value: Platform";"";"Technical";"ADA2D73F31084922979D751312199BD9";"77325844D6FB4F228EBCA39D00FBE83C"
"05/09/2014, 13:17:10:223";"Trace";"Set default parameter: file_id; with value: 8F442230CBF3481A8D993D244DA5B3B6";"";"Technical";"ADA2D73F31084922979D751312199BD9";"679FE310E45748848A42A39D00FBE841"
"05/09/2014, 13:17:10:230";"Trace";"Set default parameter: file_path; with value: \\ind021\Webbyfiles\folders\954321\output\accepted\20140905";"";"Technical";"ADA2D73F31084922979D751312199BD9";"5CF2DAF9D35E41A28BF2A39D00FBE846"
"05/09/2014, 13:17:10:239";"Trace";"Set default parameter: file_name; with value: P_SLP_LIDA_20140201_20140228_00_V2_0000_00000_FILE_NOE_CONSEJEROS-DIRECCIαααN_1.pdf";"";"Technical";"ADA2D73F31084922979D751312199BD9";"CC9FE278BBEF4DD8A534A39D00FBE846"
"05/09/2014, 13:17:10:247";"Trace";"Set default parameter: file_type_id; with value: SLP";"";"Technical";"ADA2D73F31084922979D751312199BD9";"3F87199A481642368929A39D00FBE84A"
"05/09/2014, 13:17:10:257";"Trace";"Set default parameter: container_type_id; with value: FILE";"";"Technical";"ADA2D73F31084922979D751312199BD9";"8AB4514035D44DBAB15BA39D00FBE84F"
"05/09/2014, 13:17:10:270";"Trace";"Set default parameter: transmission_mode; with value: 1";"";"Technical";"ADA2D73F31084922979D751312199BD9";"7AE2E147320543C4BD59A39D00FBE84F"
"05/09/2014, 13:17:10:302";"Trace";"Resolving parameter: bpm_ws_address; with value: http://ind020/stream2.0/201011/ShuttleDashboard.svc/File/{0}/Register;";"";"Technical";"ADA2D73F31084922979D751312199BD9";"F6E172B1B1394604BB22A39D00FBE858"
"05/09/2014, 13:17:10:318";"Trace";"Set parameter: bpm_ws_address; with value: http://ind020/stream2.0/201011/ShuttleDashboard.svc/File/{0}/Register";"";"Technical";"ADA2D73F31084922979D751312199BD9";"D4D2F10DF378421EAA14A39D00FBE85D"
"05/09/2014, 13:17:10:357";"Trace";"Resolving parameter: bpm_ws_time_out; with value: 880000;";"";"Technical";"ADA2D73F31084922979D751312199BD9";"3468E9F1E7694E42BE23A39D00FBE86B"
"05/09/2014, 13:17:10:379";"Trace";"Set parameter: bpm_ws_time_out; with value: 880000";"";"Technical";"ADA2D73F31084922979D751312199BD9";"0A1508A26FA6423EBEBFA39D00FBE870"
"05/09/2014, 13:17:10:404";"Trace";"Resolving parameter: bpm_ws_method; with value: POST;";"";"Technical";"ADA2D73F31084922979D751312199BD9";"B972FF240C3248C58531A39D00FBE879"
"05/09/2014, 13:17:10:413";"Trace";"Set parameter: bpm_ws_method; with value: POST";"";"Technical";"ADA2D73F31084922979D751312199BD9";"BA736F7E542B45AE8398A39D00FBE87E"
"05/09/2014, 13:17:10:422";"Trace";"Set parameter: bpm_ws_type; with value: 4";"";"Technical";"ADA2D73F31084922979D751312199BD9";"4512398BAB60418CA8D0A39D00FBE87E"
"05/09/2014, 13:17:10:429";"Trace";"Resolving parameter: file_name; with value: P_SLP_LIDA_20140201_20140228_00_V2_0000_00000_FILE_NOE_CONSEJEROS-DIRECCIαααN_1.pdf;";"";"Technical";"ADA2D73F31084922979D751312199BD9";"7FC5A6FC35F7424D984CA39D00FBE883"
"05/09/2014, 13:17:10:438";"Trace";"Resolving parameter: file_path; with value: \\ind021\Webbyfiles\folders\954321\output\accepted\20140905;";"";"Technical";"ADA2D73F31084922979D751312199BD9";"BAB44740C3C54C1C9759A39D00FBE883"
"05/09/2014, 13:17:10:440";"Trace";"Resolving parameter: file_type_id; with value: SLP;";"";"Technical";"ADA2D73F31084922979D751312199BD9";"4020B1C641D545408EE2A39D00FBE883"
"05/09/2014, 13:17:10:449";"Warning";"";"";"Technical";"ADA2D73F31084922979D751312199BD9";"3257238074D54CD4B800A39D00FBE887"
"05/09/2014, 13:17:10:462";"Info";"End rollback with status: True";"";"Technical";"ADA2D73F31084922979D751312199BD9";"22DC9C9519ED49C490DCA39D00FBE88C"
"05/09/2014, 13:17:10:480";"Info";"<< Begin rollback step: 175EC31F81E54CEAB9B9A39D00FBE281; Order: 5";"";"Technical";"ADA2D73F31084922979D751312199BD9";"70BC147A3E954DB79338A39D00FBE891"
"05/09/2014, 13:17:10:490";"Debug";"Command: A589529B755844598885DF716C6995D1; Name: Manage errors based on active flags";"";"Technical";"ADA2D73F31084922979D751312199BD9";"C82913F770E645199812A39D00FBE895"
"05/09/2014, 13:17:10:499";"Debug";"Registering parameters for step 175EC31F81E54CEAB9B9A39D00FBE281";"";"Technical";"ADA2D73F31084922979D751312199BD9";"24392730CB15489DA442A39D00FBE895"
"05/09/2014, 13:17:10:511";"Trace";"Set default parameter: pipeline_id; with value: ADA2D73F31084922979D751312199BD9";"";"Technical";"ADA2D73F31084922979D751312199BD9";"6A84952A9E404F2BB7C3A39D00FBE89A"
"05/09/2014, 13:17:10:518";"Trace";"Set default parameter: tid; with value: 954321";"";"Technical";"ADA2D73F31084922979D751312199BD9";"610A662EF6F74246A225A39D00FBE89A"
"05/09/2014, 13:17:10:525";"Trace";"Set default parameter: side; with value: Platform";"";"Technical";"ADA2D73F31084922979D751312199BD9";"F32E6208E5F44A03AF6CA39D00FBE89F"
"05/09/2014, 13:17:10:532";"Trace";"Set default parameter: file_id; with value: 8F442230CBF3481A8D993D244DA5B3B6";"";"Technical";"ADA2D73F31084922979D751312199BD9";"4B3A3032910249A29ECDA39D00FBE89F"
"05/09/2014, 13:17:10:539";"Trace";"Set default parameter: file_path; with value: \\ind021\Webbyfiles\folders\954321\output\accepted\20140905";"";"Technical";"ADA2D73F31084922979D751312199BD9";"C214CC1F33024EA79E91A39D00FBE8A3"
"05/09/2014, 13:17:10:548";"Trace";"Set default parameter: file_name; with value: P_SLP_LIDA_20140201_20140228_00_V2_0000_00000_FILE_NOE_CONSEJEROS-DIRECCIαααN_1.pdf";"";"Technical";"ADA2D73F31084922979D751312199BD9";"AE4305177BA74555A57AA39D00FBE8A3"
"05/09/2014, 13:17:10:572";"Trace";"Set default parameter: file_type_id; with value: SLP";"";"Technical";"ADA2D73F31084922979D751312199BD9";"0542F4E5608A480B8A36A39D00FBE8AD"
"05/09/2014, 13:17:10:582";"Trace";"Set default parameter: container_type_id; with value: FILE";"";"Technical";"ADA2D73F31084922979D751312199BD9";"88807F7227044EA9B0E5A39D00FBE8AD"
"05/09/2014, 13:17:10:591";"Trace";"Set default parameter: transmission_mode; with value: 1";"";"Technical";"ADA2D73F31084922979D751312199BD9";"AFBA028138AA49F98AF4A39D00FBE8B2"
"05/09/2014, 13:17:10:618";"Trace";"Resolving parameter: file_name; with value: P_SLP_LIDA_20140201_20140228_00_V2_0000_00000_FILE_NOE_CONSEJEROS-DIRECCIαααN_1.pdf;";"";"Technical";"ADA2D73F31084922979D751312199BD9";"59B0C22CB3064F6E90BCA39D00FBE8BB"
"05/09/2014, 13:17:10:632";"Trace";"Resolving parameter: file_path; with value: \\ind021\Webbyfiles\folders\954321\output\accepted\20140905;";"";"Technical";"ADA2D73F31084922979D751312199BD9";"7A80674159F04F59A86EA39D00FBE8C0"
"05/09/2014, 13:17:10:647";"Trace";"Resolving parameter: file_type_id; with value: SLP;";"";"Technical";"ADA2D73F31084922979D751312199BD9";"F76002E09D8D4139AE73A39D00FBE8C4"
"05/09/2014, 13:17:10:662";"Trace";"Get execution parameter: lck_channel_locked; Value: ";"";"Technical";"ADA2D73F31084922979D751312199BD9";"956C051F09F14E65BE78A39D00FBE8C9"
"05/09/2014, 13:17:10:674";"Warning";"";"";"Technical";"ADA2D73F31084922979D751312199BD9";"097D72E692DB412DB5C2A39D00FBE8C9"
"05/09/2014, 13:17:10:681";"Info";"End rollback with status: True";"";"Technical";"ADA2D73F31084922979D751312199BD9";"B861EBA3F10945999454A39D00FBE8CE"
"05/09/2014, 13:17:10:697";"Debug";"<< Step 5-Adp.Streamline.ProductionLine.Domain.Commands.ManageErrorsCommand is milestone";"";"Technical";"ADA2D73F31084922979D751312199BD9";"C96D2D27FC274DF58E4EA39D00FBE8D2"
"05/09/2014, 13:17:10:724";"Warning";"Pipeline with guid: ADA2D73F31084922979D751312199BD9; has been executed with status: False;";"";"Technical";"ADA2D73F31084922979D751312199BD9";"5350A3E212D147D3B7AFA39D00FBE8DC"
"05/09/2014, 13:17:10:733";"Debug";"ReleaseStaticUserContext in thread id: 4; name: 8F442230CBF3481A8D993D244DA5B3B6";"";"Technical";"ADA2D73F31084922979D751312199BD9";"9E7267DFFE124A8FB529A39D00FBE8DC"
"05/09/2014, 13:17:10:742";"Debug";"Close Log Session in thread id: 4; name: 8F442230CBF3481A8D993D244DA5B3B6";"";"Technical";"ADA2D73F31084922979D751312199BD9";"08C2BDBA1E3A4F4E8DE6A39D00FBE8E0"
